"Name","Team","G","PA","AB","H","2B","3B","HR","R","RBI","BB","SO","HBP","SB","CS","-1","AVG","OBP","SLG","OPS","wOBA","-1","Fld","BsR","-1","WAR","playerid"
"Aaron Judge","NYY","53","229","197","55","9","0","16","37","39","28","60","1","3","1","",".277",".370",".568",".937",".397","","1.9","0.1","","2.6","15640"
"Juan Soto","SDP","53","227","178","51","9","1","11","37","34","47","34","1","4","2","",".285",".436",".534",".970",".414","","-0.8","-0.3","","2.5","20123"
"José Ramírez","CLE","57","245","213","58","15","2","12","36","41","27","31","2","9","2","",".272",".358",".529",".887",".375","","1.0","1.0","","2.4","13510"
"Mookie Betts","LAD","54","232","201","55","12","1","11","38","29","26","37","3","5","1","",".271",".359",".498",".857",".370","","3.9","0.6","","2.2","13611"
"Trea Turner","LAD","56","242","222","65","13","1","9","35","33","16","43","2","10","2","",".293",".344",".484",".828",".356","","-0.9","1.4","","2.2","16252"
"Nolan Arenado","STL","56","242","218","59","12","1","11","30","37","20","34","2","1","1","",".269",".334",".485",".819",".350","","3.0","-0.1","","2.1","9777"
"Yordan Alvarez","HOU","50","214","186","53","11","1","14","34","40","25","47","2","1","0","",".287",".375",".582",".956",".403","","0.0","-0.2","","2.0","19556"
"Francisco Lindor","NYM","55","240","212","54","10","1","10","32","33","22","44","3","5","2","",".253",".328",".450",".778",".336","","1.6","0.0","","2.0","12916"
"Ronald Acuña Jr.","ATL","53","231","195","53","10","1","11","38","29","28","56","5","12","4","",".269",".372",".499",".871",".376","","0.6","1.1","","1.9","18401"
"Rafael Devers","BOS","52","227","205","59","14","1","12","35","37","18","44","2","2","1","",".290",".352",".549",".901",".382","","-1.4","0.1","","1.9","17350"
"Freddie Freeman","LAD","57","245","212","63","13","1","10","37","35","28","40","2","3","1","",".295",".381",".509",".891",".380","","0.5","0.1","","1.9","5361"
"Vladimir Guerrero Jr.","TOR","56","242","211","62","11","0","14","38","39","26","38","2","1","1","",".294",".376",".551",".927",".395","","0.1","-0.4","","1.9","19611"
"Kyle Tucker","HOU","53","229","203","56","12","1","12","33","38","23","40","1","8","2","",".273",".346",".514",".860",".368","","1.3","0.7","","1.9","18345"
"Corey Seager","TEX","50","217","192","53","11","1","10","31","31","20","35","2","1","0","",".278",".351",".498",".849",".363","","-0.6","0.1","","1.9","13624"
"Carlos Correa","MIN","53","229","201","54","12","0","9","32","30","25","45","1","0","0","",".270",".352",".467",".818",".355","","0.4","-0.1","","1.9","14162"
"Alex Bregman","HOU","52","227","191","50","12","0","8","31","32","31","30","3","1","0","",".262",".369",".462",".831",".362","","-0.3","-0.4","","1.8","17678"
"Xander Bogaerts","BOS","55","236","209","60","14","0","8","31","31","23","45","2","3","1","",".286",".361",".466",".827",".359","","-0.9","0.3","","1.8","12161"
"Paul Goldschmidt","STL","56","242","213","60","12","0","11","34","36","26","52","1","3","1","",".284",".365",".503",".867",".374","","0.2","0.1","","1.8","9218"
"Mike Trout","LAA","40","171","140","37","7","1","10","27","26","26","44","3","2","0","",".263",".389",".550",".939",".396","","-0.2","0.2","","1.8","10155"
"Byron Buxton","MIN","50","214","195","48","11","1","14","32","32","13","58","3","4","1","",".247",".304",".526",".830",".353","","2.4","0.7","","1.8","14161"
"Manny Machado","SDP","51","220","195","53","10","1","10","31","32","22","39","1","4","1","",".272",".346",".478",".824",".352","","0.9","0.0","","1.8","11493"
"Austin Riley","ATL","55","238","215","60","13","1","13","32","37","18","61","3","0","0","",".278",".342",".521",".863",".369","","-2.4","-0.5","","1.7","18360"
"Marcus Semien","TEX","55","240","214","55","11","1","9","33","27","21","42","1","6","2","",".256",".325",".449",".774",".336","","1.3","0.8","","1.7","12533"
"Jose Altuve","HOU","54","232","206","56","11","0","9","35","26","21","34","2","4","1","",".274",".346",".468",".814",".353","","-1.2","0.2","","1.7","5417"
"Pete Alonso","NYM","55","240","208","54","10","0","15","33","42","24","51","5","1","0","",".261",".348",".528",".876",".371","","-0.3","-0.7","","1.7","19251"
"J.T. Realmuto","PHI","49","195","174","45","9","1","6","24","26","16","44","3","4","1","",".256",".327",".430",".757",".330","","1.6","0.8","","1.6","11739"
"Matt Chapman","TOR","55","237","207","49","10","1","12","32","33","25","66","3","1","1","",".234",".322",".463",".785",".340","","2.1","0.0","","1.6","16505"
"Will Smith","LAD","46","185","159","40","8","1","9","24","29","21","36","4","1","0","",".252",".348",".479",".827",".358","","0.1","-0.4","","1.6","19197"
"Brandon Nimmo","NYM","49","212","179","47","9","2","5","29","19","25","41","4","2","1","",".261",".364",".424",".788",".348","","-0.2","-0.3","","1.6","12927"
"Matt Olson","ATL","55","238","205","53","13","0","13","33","39","29","52","3","1","0","",".258",".354",".514",".868",".370","","1.1","-0.4","","1.6","14344"
"Luis Robert","CHW","51","219","203","58","11","1","9","29","31","12","48","3","6","2","",".284",".330",".479",".809",".348","","-0.6","0.5","","1.5","20043"
"Brandon Lowe","TBR","48","207","182","44","10","1","10","29","29","20","55","3","2","0","",".243",".326",".480",".806",".347","","-0.4","0.4","","1.5","18882"
"Fernando Tatis Jr.","SDP","34","145","127","35","7","0","9","24","23","15","35","1","6","2","",".273",".354",".550",".903",".384","","-0.6","0.6","","1.5","19709"
"Adley Rutschman","BAL","46","187","162","42","10","1","6","25","21","20","33","2","1","0","",".259",".347",".441",".789",".345","","0.4","-0.1","","1.5","26288"
"Julio Rodríguez","SEA","42","180","162","44","8","1","7","24","23","13","45","3","7","2","",".272",".334",".468",".802",".346","","1.2","0.3","","1.5","23697"
"Willy Adames","MIL","51","222","198","48","10","0","10","30","28","21","61","1","2","1","",".245",".316",".451",".768",".333","","0.6","0.0","","1.4","15986"
"Bo Bichette","TOR","55","240","221","61","13","1","9","34","33","15","50","1","7","2","",".275",".323",".461",".784",".339","","-1.7","0.4","","1.4","19612"
"Bryan Reynolds","PIT","54","235","205","55","10","2","8","31","28","24","50","3","2","1","",".267",".350",".460",".810",".350","","-2.1","-0.2","","1.4","19326"
"George Springer","TOR","49","212","185","47","8","1","10","33","27","21","43","3","4","1","",".256",".339",".483",".822",".355","","-0.7","0.2","","1.4","12856"
"Dansby Swanson","ATL","55","238","215","55","11","1","8","31","28","19","60","2","5","2","",".257",".321",".430",".751",".326","","0.5","0.4","","1.4","18314"
"Dylan Carlson","STL","53","229","203","52","12","2","6","28","25","20","49","3","2","1","",".257",".331",".430",".762",".332","","0.2","-0.1","","1.4","20126"
"Ketel Marte","ARI","54","235","209","58","15","2","7","30","27","21","37","2","2","1","",".278",".347",".463",".810",".350","","-0.5","0.0","","1.4","13613"
"Sean Murphy","OAK","47","188","166","38","10","0","7","21","23","17","44","4","0","0","",".231",".314",".421",".735",".321","","0.8","-0.2","","1.4","19352"
"Jeff McNeil","NYM","52","224","202","57","12","1","5","26","24","15","29","5","2","1","",".282",".345",".417",".762",".334","","-0.2","-0.2","","1.4","15362"
"Tim Anderson","CHW","53","227","213","63","11","0","6","32","22","9","43","2","7","2","",".293",".327",".437",".763",".331","","-2.0","0.9","","1.3","15172"
"Jorge Polanco","MIN","53","229","204","54","11","1","9","30","31","22","43","1","3","2","",".263",".335",".454",".789",".343","","-1.6","-0.1","","1.3","13152"
"Andrés Giménez","CLE","49","212","192","50","10","1","7","25","25","11","48","6","7","2","",".262",".320",".431",".751",".327","","1.5","0.5","","1.3","19950"
"Jake Cronenworth","SDP","49","213","186","48","11","2","5","28","23","21","36","4","2","1","",".258",".341",".417",".758",".332","","0.7","-0.1","","1.3","18036"
"DJ LeMahieu","NYY","48","209","185","52","9","0","5","29","20","21","28","1","2","1","",".283",".359",".410",".769",".340","","1.4","-0.3","","1.3","9874"
"Tommy Edman","STL","51","219","200","53","10","2","4","29","20","15","35","2","9","2","",".265",".320",".393",".713",".312","","1.9","1.4","","1.3","19470"
"Shohei Ohtani","LAA","53","229","196","50","9","2","13","34","34","29","60","2","8","3","",".257",".356",".521",".877",".370","","0.0","0.0","","1.3","19755"
"Nico Hoerner","CHC","51","220","201","57","10","2","3","23","22","14","29","3","5","2","",".282",".337",".396",".733",".320","","1.6","0.1","","1.3","21479"
"Bobby Witt Jr.","KCR","51","221","202","52","11","2","8","27","27","14","50","2","9","3","",".258",".311",".453",".764",".329","","-0.6","0.6","","1.3","25764"
"Cedric Mullins","BAL","53","231","207","54","11","1","7","30","22","18","41","2","10","3","",".259",".323",".427",".750",".326","","0.2","0.9","","1.3","17929"
"Willson Contreras","CHC","53","214","183","44","9","1","8","28","25","21","53","8","2","1","",".242",".344",".438",".782",".343","","0.0","-0.6","","1.3","11609"
"Christian Yelich","MIL","53","229","195","51","9","2","8","33","26","30","55","2","6","1","",".260",".364",".440",".803",".350","","-0.5","0.9","","1.3","11477"
"Ke'Bryan Hayes","PIT","50","217","194","49","11","1","4","25","20","19","46","2","5","1","",".252",".322",".389",".711",".313","","2.9","0.3","","1.2","18577"
"Yandy Díaz","TBR","52","224","192","53","11","0","5","27","23","29","31","2","1","1","",".277",".374",".406",".780",".346","","-0.2","-0.7","","1.2","16578"
"Alejandro Kirk","TOR","47","196","173","49","10","0","7","26","25","20","23","2","0","0","",".282",".360",".467",".827",".360","","0.0","-0.5","","1.2","22581"
"Jonathan India","CIN","50","217","187","47","11","1","7","30","22","21","49","7","4","2","",".253",".346",".425",".772",".340","","0.3","-0.1","","1.2","21523"
"Ramón Laureano","OAK","51","222","197","47","11","1","9","28","25","17","57","5","7","2","",".241",".318",".433",".750",".328","","0.2","0.5","","1.2","17128"
"Oneil Cruz","PIT","46","199","182","45","8","2","9","23","27","14","52","1","7","2","",".250",".306",".467",".772",".332","","-0.4","0.3","","1.2","21711"
"Ty France","SEA","48","209","185","53","10","0","7","27","26","14","35","8","0","0","",".284",".358",".457",".815",".355","","0.2","-0.5","","1.2","17982"
"Tyler O'Neill","STL","48","207","185","46","8","1","10","29","30","16","62","3","6","2","",".250",".318",".472",".790",".341","","0.4","0.4","","1.2","15711"
"Yasmani Grandal","CHW","42","170","140","31","5","0","6","19","21","27","40","1","0","0","",".222",".351",".396",".747",".333","","0.0","-0.9","","1.2","11368"
"Trent Grisham","SDP","49","213","184","42","9","1","7","26","24","24","49","2","4","1","",".230",".324",".406",".730",".321","","0.5","0.3","","1.2","18564"
"J.P. Crawford","SEA","54","234","208","54","11","1","4","27","21","21","37","2","2","1","",".258",".330",".374",".704",".312","","-0.4","-0.3","","1.2","15491"
"Wander Franco","TBR","34","145","132","37","7","2","4","21","17","11","18","1","2","1","",".279",".335",".450",".785",".340","","0.3","0.0","","1.2","23667"
"Kyle Schwarber","PHI","51","222","189","43","8","0","14","32","32","29","63","2","2","1","",".227",".332",".498",".830",".356","","-0.8","-0.4","","1.1","16478"
"Max Muncy","LAD","51","222","183","40","8","1","10","30","31","34","53","3","1","0","",".220",".347",".436",".783",".343","","-0.2","0.0","","1.1","13301"
"José Abreu","CHW","55","240","213","58","13","0","9","30","36","20","47","4","0","0","",".271",".345",".467",".811",".351","","-0.4","-0.4","","1.1","15676"
"Seiya Suzuki","CHC","48","207","183","50","10","1","9","28","29","21","43","2","4","2","",".273",".352",".478",".829",".356","","-0.2","-0.4","","1.1","30116"
"Yoán Moncada","CHW","49","212","186","46","10","1","6","25","24","22","56","2","1","1","",".246",".329",".409",".738",".324","","0.7","0.0","","1.1","17232"
"Josh Bell","SDP","50","218","189","51","10","1","9","28","32","25","38","2","0","0","",".270",".358",".475",".832",".359","","-0.7","-0.9","","1.1","13145"
"Rhys Hoskins","PHI","54","232","198","47","11","1","11","31","31","29","57","3","1","0","",".237",".341",".474",".814",".353","","0.1","-0.4","","1.1","16472"
"Ian Happ","CHC","53","228","197","49","10","1","9","28","29","27","60","2","4","1","",".248",".342",".440",".782",".341","","0.0","0.0","","1.1","17919"
"Luis Urías","MIL","50","217","188","46","9","1","7","26","26","23","46","4","2","1","",".244",".336",".416",".753",".331","","-0.5","-0.3","","1.1","16622"
"Anthony Rizzo","NYY","47","202","172","42","8","1","10","27","29","21","33","7","3","1","",".247",".354",".471",".825",".357","","0.3","-0.6","","1.1","3473"
"Starling Marte","NYM","49","212","193","53","10","1","6","29","23","12","40","5","10","3","",".275",".332",".429",".761",".332","","-0.7","0.9","","1.1","9241"
"Alek Thomas","ARI","50","214","193","50","10","2","5","26","23","16","43","2","4","2","",".261",".323",".420",".743",".324","","1.0","-0.2","","1.1","23792"
"Taylor Ward","LAA","53","229","199","50","10","1","8","30","25","26","57","3","3","1","",".253",".344",".436",".780",".342","","-0.9","0.0","","1.1","17548"
"Trevor Story","BOS","38","165","147","36","9","1","6","22","22","14","44","2","5","1","",".246",".318",".451",".769",".331","","1.6","0.5","","1.1","12564"
"Jeremy Peña","HOU","49","212","195","48","7","1","8","23","23","12","53","3","4","2","",".246",".297",".419",".716",".311","","0.0","-0.1","","1.1","21636"
"Gleyber Torres","NYY","46","197","177","46","9","0","7","24","26","17","39","1","3","1","",".260",".328",".440",".768",".334","","-1.0","-0.1","","1.0","16997"
"Gavin Lux","LAD","48","207","182","47","8","2","5","26","24","21","41","1","3","1","",".260",".337",".411",".748",".328","","-0.5","0.2","","1.0","19955"
"Jonah Heim","TEX","37","148","134","33","7","0","5","16","17","11","28","1","1","0","",".245",".304",".401",".705",".308","","0.6","-0.2","","1.0","16930"
"Kolten Wong","MIL","46","199","176","46","10","2","5","25","19","16","33","4","6","2","",".260",".333",".412",".745",".326","","0.1","0.3","","1.0","12532"
"Michael Harris II","ATL","49","211","194","50","10","1","6","28","24","12","47","3","7","2","",".257",".305",".413",".719",".312","","1.8","0.7","","1.0","25931"
"Amed Rosario","CLE","48","209","195","55","9","2","4","26","21","10","37","1","5","1","",".280",".318",".410",".728",".317","","-0.7","0.5","","1.0","15518"
"Mike Yastrzemski","SFG","45","195","171","41","10","1","7","25","23","20","47","2","2","1","",".237",".321",".432",".753",".328","","-0.3","0.0","","1.0","14854"
"Daulton Varsho","ARI","49","209","187","45","9","1","8","26","25","17","46","2","4","1","",".243",".313",".431",".744",".323","","1.8","0.3","","1.0","19918"
"Max Stassi","LAA","40","156","138","30","5","1","5","17","16","15","47","2","0","0","",".217",".299",".371",".670",".297","","0.3","-0.4","","1.0","10059"
"Riley Greene","DET","48","209","187","48","8","2","6","27","22","18","56","2","4","1","",".257",".326",".424",".751",".328","","-1.3","0.1","","1.0","25976"
"Miguel Rojas","MIA","47","203","186","48","9","1","3","20","18","13","26","2","4","1","",".259",".311",".371",".682",".300","","1.3","-0.1","","1.0","7802"
"Cody Bellinger","LAD","47","204","181","41","8","1","9","26","28","20","51","1","5","1","",".226",".304",".428",".731",".316","","0.0","0.4","","1.0","15998"
"Luis Arraez","MIN","51","219","196","60","10","1","2","28","19","20","20","1","2","1","",".307",".372",".407",".779",".343","","-0.1","-0.2","","1.0","18568"
"Isaac Paredes","TBR","37","158","138","33","6","1","6","20","18","17","27","2","0","0","",".241",".328",".428",".756",".331","","0.8","-0.3","","1.0","20036"
"Javier Báez","DET","49","212","197","48","10","1","8","25","27","10","58","3","4","2","",".245",".289",".432",".720",".310","","-0.5","0.4","","1.0","12979"
"Danny Jansen","TOR","35","138","122","28","6","0","7","18","20","12","27","2","0","0","",".231",".309",".453",".762",".330","","0.5","-0.2","","1.0","16535"
"Paul DeJong","STL","42","184","164","36","7","0","7","21","23","15","46","3","2","1","",".219",".295",".403",".698",".305","","1.2","0.0","","0.9","18015"
"Randy Arozarena","TBR","52","224","200","51","11","1","8","29","26","18","58","5","9","4","",".255",".330",".436",".766",".333","","-0.4","-0.2","","0.9","19290"
"Joey Wendle","MIA","45","195","179","47","11","1","3","22","18","10","34","4","5","2","",".263",".315",".392",".707",".309","","0.6","0.1","","0.9","13853"
"Teoscar Hernández","TOR","51","222","203","53","11","1","11","29","35","15","59","2","4","2","",".261",".316",".482",".798",".343","","-0.9","0.0","","0.9","13066"
"Steven Kwan","CLE","47","201","179","51","9","2","3","26","18","18","21","2","4","1","",".285",".353",".407",".760",".335","","0.0","0.0","","0.9","24610"
"Mark Canha","NYM","45","196","166","40","7","1","6","25","21","22","41","7","2","1","",".243",".351",".397",".748",".334","","-0.9","-0.2","","0.9","11445"
"Jose Trevino","NYY","34","133","125","30","6","0","4","14","15","6","24","1","1","0","",".242",".278",".387",".665",".288","","0.6","-0.2","","0.9","16725"
"Josh Donaldson","NYY","39","167","144","33","7","0","7","20","21","20","40","2","1","0","",".232",".331",".427",".758",".332","","0.2","-0.5","","0.9","5038"
"Giancarlo Stanton","NYY","43","185","163","41","6","0","11","24","32","19","52","1","0","0","",".250",".331",".501",".832",".357","","0.0","-0.5","","0.9","4949"
"Josh Rojas","ARI","47","201","177","45","10","1","4","25","19","21","44","1","6","2","",".252",".332",".394",".726",".320","","-0.4","0.6","","0.9","19734"
"Brendan Rodgers","COL","46","201","185","52","11","1","6","24","25","12","38","2","0","0","",".279",".327",".453",".780",".338","","0.2","-0.2","","0.9","17907"
"Patrick Wisdom","CHC","49","213","188","41","9","0","12","27","30","21","74","2","3","1","",".218",".301",".449",".750",".324","","-0.4","-0.1","","0.9","13602"
"Eugenio Suárez","SEA","47","204","178","39","7","0","9","23","26","22","62","3","0","0","",".216",".308",".407",".715",".314","","-0.3","-0.6","","0.9","12552"
"Eloy Jiménez","CHW","44","189","174","47","8","0","10","23","30","11","45","1","0","0","",".270",".316",".493",".809",".347","","-0.8","-0.1","","0.9","17484"
"Hunter Renfroe","MIL","48","209","190","45","9","0","12","27","32","16","54","1","1","0","",".235",".297",".480",".777",".333","","0.6","-0.5","","0.9","15464"
"Ryan McMahon","COL","48","206","181","45","9","1","7","24","26","21","55","2","2","1","",".246",".327",".425",".752",".329","","1.2","0.0","","0.9","15112"
"Andrew Benintendi","NYY","46","199","177","47","8","1","5","23","22","19","36","1","3","1","",".265",".340",".406",".746",".329","","0.8","-0.2","","0.9","17901"
"Brandon Crawford","SFG","41","175","156","38","8","1","5","19","21","15","35","2","2","1","",".244",".318",".396",".714",".311","","0.1","-0.3","","0.9","5343"
"Carson Kelly","ARI","36","142","125","30","6","0","5","16","17","14","29","2","0","0","",".236",".318",".412",".730",".319","","-0.3","-0.2","","0.8","13620"
"Myles Straw","CLE","44","191","169","43","8","1","1","23","13","19","33","1","8","2","",".253",".330",".327",".657",".296","","2.2","1.0","","0.8","17620"
"Leody Taveras","TEX","47","201","182","43","9","1","5","23","20","15","52","1","7","2","",".236",".297",".384",".681",".298","","1.7","0.5","","0.8","18900"
"Christian Walker","ARI","53","227","200","48","10","1","10","28","30","22","51","2","1","1","",".238",".319",".445",".764",".331","","1.5","-0.1","","0.8","13419"
"Nathaniel Lowe","TEX","51","222","197","52","9","1","8","27","27","22","54","1","2","1","",".266",".343",".444",".787",".342","","-1.3","-0.2","","0.8","19566"
"Travis d'Arnaud","ATL","37","145","133","33","7","0","5","17","19","9","33","2","0","0","",".245",".302",".410",".712",".311","","-0.2","-0.3","","0.8","7739"
"Jean Segura","PHI","40","171","157","44","7","1","4","21","18","10","24","2","4","1","",".278",".330",".410",".740",".323","","-0.1","0.3","","0.8","5933"
"Vinnie Pasquantino","KCR","46","200","178","47","10","1","8","25","24","18","31","2","1","0","",".265",".337",".461",".798",".345","","0.3","-0.1","","0.8","27676"
"Max Kepler","MIN","35","153","133","31","7","1","6","20","19","17","26","2","2","1","",".236",".329",".432",".761",".332","","1.6","0.0","","0.8","12144"
"Alex Verdugo","BOS","48","209","191","54","12","0","4","25","23","15","29","1","2","1","",".283",".336",".419",".755",".328","","1.0","0.1","","0.8","17027"
"Wilmer Flores","SFG","41","175","157","41","9","0","6","22","23","14","25","2","0","0","",".263",".331",".446",".777",".338","","-0.4","-0.5","","0.8","5827"
"Luis Guillorme","NYM","37","158","137","36","6","0","2","16","12","18","24","1","1","1","",".264",".351",".353",".704",".316","","0.2","-0.3","","0.8","16451"
"Jeimer Candelario","DET","44","192","171","41","9","1","6","21","21","17","43","2","0","0","",".240",".317",".409",".725",".318","","-0.4","-0.2","","0.8","13621"
"Cal Raleigh","SEA","32","128","117","26","6","0","6","14","17","9","34","1","1","0","",".219",".278",".425",".704",".304","","-0.4","-0.1","","0.8","21534"
"Austin Hays","BAL","49","213","196","50","11","1","8","26","27","12","43","3","2","1","",".256",".307",".443",".750",".325","","0.8","-0.2","","0.8","19363"
"Alec Bohm","PHI","47","201","184","50","9","1","5","23","23","14","44","1","2","1","",".271",".323",".408",".731",".319","","-0.6","-0.2","","0.8","21618"
"Keibert Ruiz","WSN","35","140","127","33","7","0","4","14","16","10","17","1","1","0","",".259",".318",".413",".731",".320","","0.3","-0.1","","0.8","19610"
"Justin Turner","LAD","37","158","139","36","7","0","5","19","21","15","27","3","1","0","",".261",".340",".418",".758",".333","","-0.5","-0.3","","0.8","5235"
"Gio Urshela","MIN","46","199","184","49","11","1","6","22","24","12","38","1","0","0","",".264",".310",".422",".731",".318","","-0.5","-0.5","","0.8","10681"
"Nicky Lopez","KCR","49","211","189","50","8","2","1","23","15","16","28","2","6","2","",".262",".323",".342",".665",".297","","1.8","0.5","","0.8","19339"
"Ha-Seong Kim","SDP","33","143","127","31","6","1","4","16","16","12","27","2","3","1","",".241",".314",".387",".701",".309","","0.8","0.2","","0.8","27506"
"Jurickson Profar","SDP","46","198","172","42","10","1","5","26","20","22","30","2","3","1","",".245",".335",".395",".730",".323","","-0.1","0.2","","0.8","10815"
"Andrew Vaughn","CHW","52","224","201","53","12","0","8","27","27","17","42","4","0","0","",".264",".331",".443",".774",".337","","-0.8","-0.5","","0.8","26197"
"Aaron Hicks","NYY","44","190","159","36","5","1","5","23","20","27","42","2","4","1","",".225",".342",".370",".712",".318","","-0.2","0.2","","0.8","5297"
"Brandon Belt","SFG","42","183","157","37","7","1","7","23","22","23","47","2","1","1","",".239",".341",".437",".778",".340","","0.2","-0.4","","0.8","10264"
"Ramón Urías","BAL","43","185","167","41","9","0","6","20","21","14","43","3","1","1","",".248",".314",".407",".721",".316","","0.1","-0.2","","0.8","18795"
"MJ Melendez","KCR","46","192","169","40","9","1","8","23","22","20","48","1","1","1","",".235",".315",".432",".748",".325","","-0.1","-0.4","","0.7","22197"
"Jesse Winker","SEA","45","195","167","42","9","0","6","22","21","24","34","2","0","0","",".252",".351",".412",".763",".337","","-1.4","-0.8","","0.7","13590"
"Nolan Gorman","STL","40","173","159","39","7","0","8","21","22","11","45","1","1","0","",".246",".299",".438",".737",".319","","0.4","0.0","","0.7","22263"
"Jared Walsh","LAA","51","222","202","50","11","1","10","26","33","17","60","2","1","0","",".250",".312",".463",".775",".332","","0.3","-0.4","","0.7","18607"
"C.J. Cron","COL","50","215","193","51","11","1","11","27","34","17","52","4","0","0","",".264",".334",".495",".829",".355","","0.1","-0.5","","0.7","12546"
"Jose Miranda","MIN","47","201","186","51","11","0","7","25","27","10","31","3","1","1","",".273",".319",".450",".769",".333","","0.3","-0.3","","0.7","20538"
"Mitch Haniger","SEA","38","163","145","36","7","1","8","22","23","13","40","2","1","0","",".244",".316",".459",".775",".335","","-0.2","-0.2","","0.7","14274"
"Omar Narváez","MIL","35","141","125","31","5","0","4","15","15","14","28","2","0","0","",".245",".327",".380",".707",".312","","-0.5","-0.3","","0.7","13338"
"José Iglesias","COL","46","198","186","54","12","1","3","22","21","8","25","3","2","1","",".293",".329",".408",".736",".322","","-0.2","-0.2","","0.7","10231"
"Luis Rengifo","LAA","46","199","181","45","8","2","5","21","20","14","36","2","4","2","",".250",".310",".392",".702",".307","","-0.1","0.0","","0.7","19858"
"Rowdy Tellez","MIL","47","201","180","45","10","0","10","25","30","18","42","3","0","0","",".250",".324",".475",".799",".340","","-0.2","-0.4","","0.7","15679"
"Jose Siri","TBR","42","184","169","38","7","2","6","21","22","11","63","2","7","2","",".225",".277",".396",".673",".293","","1.1","0.6","","0.7","17452"
"Michael A. Taylor","KCR","49","211","191","46","8","1","5","22","21","16","56","1","4","2","",".243",".303",".374",".677",".298","","1.5","0.1","","0.7","11489"
"Bryce Harper","PHI","22","94","79","22","5","0","5","14","15","14","21","1","2","1","",".277",".390",".539",".929",".394","","0.0","-0.1","","0.7","11579"
"Tyrone Taylor","MIL","42","184","167","39","8","1","7","21","24","11","43","3","2","1","",".234",".292",".425",".716",".311","","0.7","0.0","","0.7","13675"
"Adam Frazier","SEA","43","185","167","44","8","1","2","21","14","14","23","2","3","2","",".261",".322",".358",".681",".301","","0.3","-0.1","","0.7","15223"
"J.D. Martinez","BOS","52","224","200","54","14","0","8","29","30","20","52","2","0","0","",".271",".340",".466",".806",".347","","0.0","-0.7","","0.7","6184"
"Lourdes Gurriel Jr.","TOR","47","201","186","52","11","0","7","24","27","12","38","2","2","1","",".280",".327",".451",".778",".337","","-0.6","-0.6","","0.7","19238"
"Thairo Estrada","SFG","34","148","135","36","7","0","4","19","17","8","26","3","4","1","",".263",".316",".414",".730",".318","","-0.8","0.2","","0.7","16426"
"Tommy Pham","BOS","46","197","172","44","8","1","5","26","21","22","44","1","4","2","",".256",".344",".408",".752",".331","","-0.4","0.3","","0.7","2967"
"Jacob Stallings","MIA","35","140","125","29","6","0","2","13","13","11","31","1","0","0","",".233",".303",".335",".637",".285","","0.9","-0.4","","0.7","13723"
"Josh Naylor","CLE","47","201","183","49","11","0","8","24","28","15","34","1","1","0","",".266",".324",".455",".780",".336","","-0.2","-0.2","","0.7","18839"
"Jesús Sánchez","MIA","38","163","148","35","6","1","7","18","20","12","43","2","1","0","",".234",".297",".426",".723",".313","","0.4","-0.4","","0.7","19913"
"Isiah Kiner-Falefa","NYY","48","209","193","51","9","1","2","23","19","11","30","3","7","2","",".264",".311",".351",".662",".292","","-0.3","0.5","","0.7","16512"
"David Fletcher","LAA","48","209","193","52","10","1","2","23","16","12","20","1","4","1","",".269",".313",".361",".674",".296","","0.1","0.2","","0.7","17992"
"Eduardo Escobar","NYM","39","168","154","36","7","1","6","19","21","12","38","1","0","0","",".234",".290",".421",".711",".308","","-0.3","-0.3","","0.7","6153"
"Nick Pratto","KCR","42","183","159","37","8","2","7","21","22","19","55","2","2","1","",".232",".322",".441",".763",".332","","0.8","-0.1","","0.7","22117"
"Salvador Perez","KCR","49","200","188","46","9","0","11","23","31","8","51","3","0","0","",".245",".285",".470",".756",".323","","0.3","-0.5","","0.7","7304"
"Chris Taylor","LAD","41","176","155","37","9","1","5","21","20","18","53","2","3","1","",".236",".318",".403",".722",".316","","-0.3","0.4","","0.6","13757"
"Enrique Hernández","BOS","29","126","112","27","7","0","4","16","14","11","23","2","0","0","",".244",".318",".424",".742",".324","","0.7","0.1","","0.6","10472"
"Anthony Santander","BAL","52","226","206","52","11","0","10","27","31","15","45","3","1","1","",".255",".312",".454",".766",".331","","-0.3","-0.4","","0.6","14551"
"Ryan Mountcastle","BAL","52","223","206","53","11","0","10","27","32","14","57","1","2","1","",".259",".307",".460",".767",".330","","0.2","-0.1","","0.6","18373"
"Joc Pederson","SFG","40","173","153","36","7","1","8","22","24","15","39","3","1","1","",".237",".316",".451",".766",".331","","-0.7","-0.2","","0.6","11899"
"Elvis Andrus","OAK","43","187","172","42","9","1","3","19","16","12","29","1","4","1","",".247",".300",".356",".656",".289","","-0.4","0.5","","0.6","8709"
"Christian Bethancourt","TBR","30","119","109","27","5","0","4","13","15","7","27","1","1","1","",".245",".295",".415",".710",".309","","0.2","-0.2","","0.6","10028"
"Nick Madrigal","CHC","37","158","146","41","7","1","1","17","13","8","14","2","3","2","",".282",".328",".371",".699",".309","","1.0","-0.3","","0.6","20521"
"Jake Meyers","HOU","36","158","143","34","7","1","5","17","18","10","43","2","2","1","",".237",".297",".395",".693",".303","","0.7","-0.1","","0.6","20308"
"Santiago Espinal","TOR","47","201","183","48","10","0","3","22","19","14","31","1","3","2","",".261",".316",".370",".686",".302","","0.6","-0.1","","0.6","19997"
"Trey Mancini","HOU","47","202","180","46","9","0","6","24","24","17","46","3","0","0","",".258",".329",".421",".750",".327","","-0.6","-0.3","","0.6","15149"
"Jonathan Schoop","DET","46","199","186","46","9","1","6","22","22","9","40","2","1","0","",".248",".290",".398",".688",".299","","0.5","0.0","","0.6","11265"
"Ji-Man Choi","TBR","43","186","158","37","9","0","6","20","24","25","51","1","0","0","",".234",".341",".401",".742",".327","","-0.1","-0.3","","0.6","5452"
"Kevin Newman","PIT","48","206","191","50","10","1","2","21","17","11","23","1","4","2","",".265",".309",".370",".679",".297","","-0.2","0.0","","0.6","17696"
"Ozzie Albies","ATL","23","100","92","24","6","1","4","14","13","7","18","1","3","1","",".263",".314",".454",".769",".331","","0.5","0.3","","0.6","16556"
"Jon Berti","MIA","29","125","109","27","5","1","2","16","10","14","28","2","9","2","",".245",".337",".353",".689",".310","","-0.1","1.0","","0.6","12037"
"Josh H. Smith","TEX","41","178","157","38","7","1","3","19","14","16","36","4","5","2","",".242",".324",".363",".687",".306","","-0.3","0.2","","0.6","26396"
"David Peralta","TBR","42","181","163","41","9","1","5","18","21","15","39","1","1","0","",".248",".313",".408",".721",".312","","0.6","-0.2","","0.6","2136"
"Joey Gallo","LAD","31","135","112","21","3","0","8","18","19","21","50","1","1","0","",".189",".321",".433",".754",".330","","0.4","0.2","","0.6","14128"
"Victor Robles","WSN","48","209","185","43","9","1","4","23","18","14","51","7","8","2","",".231",".306",".353",".659",".293","","1.0","0.3","","0.6","18363"
"Nolan Jones","CLE","37","158","136","32","7","0","5","18","17","19","50","1","2","1","",".233",".331",".396",".727",".321","","0.6","0.0","","0.6","20529"
"Brian Anderson","MIA","30","130","114","28","6","0","3","14","13","12","33","3","1","0","",".244",".329",".393",".722",".318","","-0.3","0.0","","0.6","18289"
"Austin Slater","SFG","26","110","96","24","5","1","3","14","11","12","29","2","3","1","",".251",".343",".407",".750",".330","","-0.1","0.4","","0.6","16153"
"Tony Kemp","OAK","43","187","163","40","8","1","3","21","15","18","26","3","3","1","",".243",".329",".356",".685",".306","","-0.3","0.1","","0.6","14894"
"Avisaíl García","MIA","46","200","184","46","7","0","7","21","24","11","50","3","2","1","",".249",".302",".399",".701",".305","","1.0","-0.2","","0.6","5760"
"Luis García","WSN","43","185","174","47","9","1","5","20","21","8","34","1","1","1","",".270",".302",".431",".733",".316","","-2.1","-0.5","","0.6","20391"
"Brandon Drury","SDP","43","186","170","42","9","1","7","23","24","13","42","1","1","0","",".248",".306",".437",".743",".322","","0.1","-0.3","","0.6","11615"
"Adolis García","TEX","52","224","209","49","10","1","10","27","32","12","66","2","6","2","",".235",".280",".438",".718",".309","","1.2","0.0","","0.5","19287"
"Joey Votto","CIN","51","222","189","45","9","1","9","25","29","29","55","3","0","0","",".235",".342",".433",".774",".339","","-0.8","-1.0","","0.5","4314"
"Austin Meadows","DET","30","131","116","30","6","1","5","16","19","12","25","1","1","1","",".256",".332",".461",".793",".343","","-0.2","-0.3","","0.5","15672"
"Jorge Mateo","BAL","49","211","196","44","9","3","5","23","20","10","59","2","11","3","",".226",".268",".380",".648",".281","","0.4","0.8","","0.5","17273"
"William Contreras","ATL","27","107","95","24","4","0","5","13","14","10","27","1","0","0","",".250",".324",".448",".771",".335","","-0.6","-0.1","","0.5","20503"
"Brendan Donovan","STL","34","148","129","33","7","0","2","18","14","14","27","3","2","1","",".257",".344",".369",".713",".318","","0.2","-0.2","","0.5","24679"
"Joey Bart","SFG","31","124","112","25","4","0","4","14","13","9","41","2","1","0","",".223",".289",".378",".667",".294","","-0.2","-0.2","","0.5","21524"
"Kris Bryant","COL","31","136","119","33","8","0","5","19","17","13","28","2","1","0","",".276",".358",".479",".837",".362","","-0.3","0.2","","0.5","15429"
"Nick Castellanos","PHI","55","240","220","58","14","0","9","29","32","15","54","2","2","1","",".263",".315",".445",".760",".328","","-2.6","-0.3","","0.5","11737"
"Evan Longoria","SFG","30","128","115","28","5","0","5","15","16","11","30","1","0","0","",".242",".312",".415",".727",".316","","0.0","-0.2","","0.5","9368"
"Garrett Cooper","MIA","39","168","149","39","8","0","5","18","19","15","43","3","0","0","",".263",".339",".419",".758",".333","","-0.1","-0.6","","0.5","15279"
"Nick Senzel","CIN","47","204","185","47","10","1","4","24","19","15","40","2","4","3","",".252",".312",".382",".694",".306","","-0.2","-0.3","","0.5","19293"
"Seth Brown","OAK","48","207","190","44","10","1","9","24","28","14","56","1","3","1","",".231",".287",".444",".731",".314","","0.1","0.0","","0.5","18171"
"Luis González","SFG","39","168","148","37","8","1","4","20","18","16","35","2","5","2","",".248",".326",".397",".723",".318","","-0.9","-0.1","","0.5","20332"
"Gary Sánchez","MIN","41","166","147","30","7","0","7","19","22","16","46","2","0","0","",".207",".291",".406",".696",".304","","-1.1","-0.3","","0.5","11442"
"Hunter Dozier","KCR","47","203","183","44","10","2","6","22","22","17","51","2","2","1","",".239",".307",".417",".724",".316","","-1.5","-0.5","","0.5","15117"
"Michael Brantley","HOU","26","111","100","29","6","0","2","14","12","9","13","1","1","0","",".288",".350",".424",".774",".338","","0.0","-0.2","","0.5","4106"
"Austin Barnes","LAD","21","82","71","15","3","0","2","10","9","9","18","1","1","0","",".212",".307",".348",".655",".293","","0.1","-0.1","","0.5","12158"
"Didi Gregorius","PHI","42","184","168","40","7","2","5","19","22","11","28","2","1","1","",".236",".292",".391",".683",".298","","-1.1","0.0","","0.5","6012"
"Ben Gamel","PIT","44","191","166","40","9","1","3","21","17","22","49","2","2","2","",".241",".333",".374",".708",".314","","-0.1","-0.2","","0.5","12160"
"Christian Vázquez","HOU","25","99","91","23","4","0","2","10","10","6","18","1","1","1","",".250",".300",".376",".676",".296","","0.5","-0.4","","0.5","9774"
"Kyle Farmer","CIN","34","148","134","34","7","0","3","15","17","8","27","4","1","1","",".252",".311",".388",".698",".307","","0.5","-0.2","","0.5","14813"
"Jorge Soler","MIA","35","153","133","30","6","0","7","18","20","17","42","2","0","0","",".225",".316",".440",".757",".329","","-0.6","-0.4","","0.5","14221"
"Jesús Aguilar","MIA","48","208","187","47","9","0","8","22","28","17","44","2","0","0","",".249",".314",".419",".733",".319","","0.0","-0.6","","0.5","11342"
"Josh Harrison","CHW","34","145","132","33","7","1","3","16","14","8","22","4","2","1","",".250",".310",".372",".682",".301","","0.3","-0.2","","0.5","8202"
"Jazz Chisholm Jr.","MIA","21","93","83","20","3","1","4","12","11","7","27","1","4","2","",".236",".302",".443",".746",".323","","-0.3","0.2","","0.5","20454"
"Orlando Arcia","ATL","28","123","111","27","5","0","4","13","14","10","23","1","1","1","",".247",".308",".397",".705",".308","","0.6","0.0","","0.5","13185"
"Austin Nola","SDP","28","111","98","25","5","0","2","12","12","9","19","2","1","0","",".252",".324",".368",".691",".306","","-0.8","-0.1","","0.5","15941"
"Tommy La Stella","SFG","38","163","148","39","9","0","3","19","16","12","19","1","0","0","",".263",".322",".396",".718",".315","","-1.0","-0.3","","0.5","12371"
"LaMonte Wade Jr.","SFG","36","155","134","31","6","1","5","19","18","17","34","2","2","1","",".233",".329",".411",".740",".325","","-1.0","-0.2","","0.5","18126"
"César Hernández","WSN","43","185","165","41","8","1","3","21","15","15","35","2","1","1","",".247",".316",".358",".674",".299","","-0.3","-0.1","","0.5","10556"
"Yadier Molina","STL","31","124","116","28","5","0","3","11","14","5","20","1","1","0","",".242",".280",".352",".631",".277","","0.9","-0.5","","0.4","7007"
"Austin Hedges","CLE","34","133","120","23","4","0","4","12","14","8","36","2","1","0","",".193",".252",".335",".587",".258","","1.0","-0.2","","0.4","12976"
"Brandon Marsh","PHI","41","178","160","37","6","1","4","18","16","15","59","1","4","1","",".229",".297",".353",".651",".288","","0.9","0.3","","0.4","20202"
"Christopher Morel","CHC","47","202","182","42","8","2","7","24","23","16","58","1","6","2","",".229",".293",".405",".699",".305","","-2.1","0.2","","0.4","21897"
"Tyler Heineman","PIT","27","107","96","22","5","0","2","11","9","8","18","1","1","0","",".232",".297",".336",".632",".282","","0.4","-0.1","","0.4","13897"
"Victor Reyes","DET","38","163","152","42","8","2","3","18","15","8","35","1","4","1","",".273",".308",".405",".713",".310","","0.0","0.0","","0.4","15487"
"Marcell Ozuna","ATL","45","195","177","44","7","0","9","23","27","16","44","1","1","0","",".248",".313",".438",".751",".326","","-0.1","-0.1","","0.4","10324"
"Francisco Mejía","TBR","24","96","89","22","5","0","3","10","11","4","21","1","0","0","",".246",".290",".409",".698",".303","","-0.1","-0.1","","0.4","16403"
"JJ Bleday","MIA","34","145","128","27","6","0","5","16","14","15","38","1","1","0","",".214",".298",".374",".672",".297","","0.7","-0.1","","0.4","26368"
"Jordan Luplow","ARI","29","127","110","24","6","0","6","16","16","14","33","2","2","1","",".218",".315",".428",".743",".325","","0.4","-0.1","","0.4","16424"
"Yuli Gurriel","HOU","42","180","164","44","10","0","4","20","20","13","22","2","2","1","",".267",".324",".407",".732",".320","","-0.5","-0.2","","0.4","19198"
"Nick Fortes","MIA","20","80","72","17","3","0","2","10","9","6","14","2","1","0","",".240",".309",".390",".699",".307","","0.0","0.0","","0.4","21538"
"Spencer Torkelson","DET","36","158","137","31","7","0","6","18","18","16","37","2","1","0","",".229",".316",".414",".731",".320","","0.6","-0.2","","0.4","27465"
"Whit Merrifield","TOR","32","140","129","34","7","1","2","18","13","9","21","1","6","1","",".266",".314",".390",".704",".308","","0.4","0.6","","0.4","11281"
"AJ Pollock","CHW","39","168","154","38","8","0","6","20","23","11","35","2","2","0","",".248",".302",".421",".723",".313","","-0.4","-0.1","","0.4","9256"
"James McCann","NYM","30","117","106","24","4","0","3","11","13","7","31","2","1","0","",".226",".285",".355",".640",".282","","0.0","-0.2","","0.4","12859"
"Kyle Higashioka","NYY","21","81","74","15","3","0","3","9","10","5","21","1","0","0","",".207",".262",".388",".650",".283","","0.2","-0.1","","0.4","5517"
"Andrew McCutchen","MIL","48","209","182","44","9","0","7","26","26","24","44","2","3","2","",".239",".330",".406",".736",".324","","-0.2","-0.5","","0.4","9847"
"Jake Fraley","CIN","34","145","126","29","6","1","5","17","19","16","39","2","4","2","",".235",".328",".422",".750",".329","","-0.9","0.1","","0.4","19260"
"J.D. Davis","SFG","27","115","101","26","5","0","3","13","13","11","32","2","1","0","",".254",".337",".413",".751",".330","","-0.3","-0.2","","0.4","16219"
"Matt Vierling","PHI","38","163","147","36","7","1","4","18","16","12","36","2","4","2","",".243",".306",".375",".681",".300","","0.7","0.0","","0.4","21558"
"Nelson Cruz","WSN","47","202","180","45","7","0","9","24","29","18","47","2","1","0","",".251",".326",".439",".765",".330","","0.0","-0.7","","0.4","2434"
"Connor Joe","COL","33","143","122","31","6","1","4","18","14","17","30","2","1","1","",".251",".351",".404",".756",".335","","0.5","-0.1","","0.4","16572"
"Oscar Gonzalez","CLE","38","163","155","41","8","0","6","18","21","6","35","1","0","0","",".268",".298",".449",".747",".321","","0.1","-0.1","","0.4","20970"
"Lars Nootbaar","STL","21","92","81","20","3","0","3","11","10","9","20","0","1","1","",".241",".319",".401",".720",".315","","0.7","-0.1","","0.4","21454"
"Geraldo Perdomo","ARI","47","201","175","39","6","2","2","21","15","21","43","2","3","2","",".221",".312",".317",".629",".284","","-0.2","-0.2","","0.4","22799"
"Akil Baddoo","DET","35","153","136","33","6","2","4","18","16","15","38","0","5","2","",".240",".314",".400",".714",".313","","-0.4","0.4","","0.4","22168"
"Daniel Vogelbach","NYM","27","117","98","22","4","0","5","14","14","18","29","1","0","0","",".221",".344",".411",".755",".334","","0.0","-0.4","","0.4","14130"
"Kyle Isbel","KCR","39","170","155","38","7","2","4","19","17","11","39","2","5","2","",".242",".299",".385",".684",".299","","1.2","0.2","","0.4","21614"
"Victor Caratini","MIL","21","82","72","17","3","0","2","9","9","8","18","1","0","0","",".239",".327",".382",".709",".313","","-0.2","-0.1","","0.4","14968"
"Lane Thomas","WSN","44","190","169","39","9","1","6","22","21","17","48","1","3","1","",".232",".305",".401",".706",".309","","-0.1","-0.2","","0.4","16939"
"Luke Voit","WSN","42","182","159","37","7","0","8","21","25","19","54","3","0","0","",".232",".322",".430",".752",".329","","-0.8","-0.4","","0.4","14811"
"Jose Barrero","CIN","47","201","184","41","9","1","6","20","22","12","61","3","4","1","",".222",".278",".381",".659",".288","","-0.4","0.0","","0.4","23378"
"Jake McCarthy","ARI","40","173","156","37","8","2","4","20","17","14","45","2","8","2","",".238",".306",".392",".698",".306","","-0.3","0.7","","0.4","21622"
"Taylor Walls","TBR","32","140","123","26","6","1","3","15","12","15","37","1","4","2","",".207",".294",".330",".624",".279","","0.3","-0.1","","0.4","22458"
"Brian Serven","COL","24","93","84","19","3","0","3","10","10","6","22","1","0","0","",".223",".285",".396",".681",".298","","0.5","-0.1","","0.4","19422"
"Kevin Plawecki","BOS","30","119","106","26","6","0","2","12","11","10","21","2","0","0","",".242",".315",".365",".679",".302","","-0.8","-0.3","","0.4","13807"
"Tucker Barnhart","DET","36","142","128","28","6","0","2","11","12","12","35","1","0","0","",".220",".289",".311",".600",".269","","0.9","-0.4","","0.4","10200"
"Bryson Stott","PHI","23","99","89","21","4","0","3","11","10","9","21","0","1","1","",".237",".308",".379",".686",".303","","0.3","-0.1","","0.4","26294"
"Kyle Lewis","SEA","26","113","101","24","4","0","4","13","13","11","31","1","1","0","",".236",".311",".408",".719",".315","","0.2","-0.1","","0.4","19508"
"Gunnar Henderson","BAL","14","63","54","13","3","0","2","7","7","7","16","1","1","0","",".243",".334",".431",".765",".335","","0.0","0.0","","0.4","sa3011484"
"Vimael Machín","OAK","31","135","119","28","5","1","2","15","11","13","25","1","1","0","",".233",".315",".341",".656",".292","","-0.2","-0.1","","0.4","17684"
"Matt Carpenter","NYY","23","101","85","19","4","0","4","13","13","13","28","2","1","0","",".221",".336",".430",".766",".335","","-0.2","-0.2","","0.3","8090"
"Donovan Solano","CIN","43","186","171","48","10","0","4","19","18","10","35","3","1","0","",".279",".328",".406",".734",".321","","-0.2","-0.3","","0.3","8623"
"C.J. Abrams","WSN","28","123","113","28","6","0","2","14","12","6","25","2","4","2","",".246",".295",".366",".661",".291","","-0.1","0.1","","0.3","25768"
"Charlie Blackmon","COL","45","196","177","48","9","1","6","26","24","14","34","3","1","1","",".270",".332",".444",".776",".336","","-0.4","-0.2","","0.3","7859"
"Reese McGuire","BOS","22","88","80","19","5","0","1","8","7","5","17","1","0","0","",".233",".285",".346",".632",".279","","0.4","-0.1","","0.3","15674"
"Jorge Alfaro","SDP","28","112","104","25","5","0","3","11","13","5","36","2","1","0","",".243",".287",".380",".667",".291","","-0.5","-0.2","","0.3","12180"
"Kole Calhoun","TEX","41","178","160","35","7","0","7","20","21","15","47","2","1","1","",".221",".293",".397",".691",".302","","0.3","-0.3","","0.3","11200"
"Carlos Santana","SEA","46","199","169","36","6","0","6","21","22","28","33","1","0","0","",".216",".330",".370",".700",".312","","0.0","-0.3","","0.3","2396"
"Mauricio Dubón","HOU","19","81","75","19","3","0","2","9","9","5","13","1","1","1","",".254",".303",".390",".693",".302","","0.4","-0.1","","0.3","16530"
"Yan Gomes","CHC","24","96","89","22","4","0","3","10","11","5","19","1","0","0","",".243",".287",".395",".682",".296","","0.1","-0.2","","0.3","9627"
"Ryan Jeffers","MIN","17","65","58","12","2","0","2","7","7","6","19","1","0","0","",".212",".288",".380",".669",".295","","-0.1","-0.1","","0.3","24618"
"Alex Kirilloff","MIN","31","133","122","32","6","0","4","14","17","8","30","2","1","1","",".260",".312",".424",".736",".319","","-0.4","-0.3","","0.3","20325"
"Martín Maldonado","HOU","30","119","106","20","4","0","4","12","12","10","36","2","0","0","",".191",".268",".338",".607",".269","","0.7","-0.5","","0.3","6887"
"Juan Yepez","STL","21","92","83","20","4","0","4","11","13","7","20","1","0","0","",".247",".311",".460",".771",".333","","0.0","-0.2","","0.3","18400"
"Yadiel Hernandez","WSN","38","165","151","39","7","0","6","18","20","12","38","1","1","1","",".260",".315",".421",".735",".320","","-1.1","-0.5","","0.3","19334"
"Tyler Naquin","NYM","34","145","133","33","7","1","4","16","18","9","35","2","2","1","",".244",".298",".404",".702",".304","","-0.3","-0.1","","0.3","13359"
"Randal Grichuk","COL","41","177","164","42","9","1","7","21","26","9","39","1","1","0","",".256",".300",".457",".756",".326","","-1.4","-0.2","","0.3","10243"
"Chad Pinder","OAK","34","148","137","32","7","0","5","16","17","8","41","1","1","0","",".237",".284",".400",".684",".297","","0.0","-0.2","","0.3","15191"
"Rafael Ortega","CHC","38","166","146","36","7","1","4","19","16","16","34","1","5","2","",".243",".320",".387",".707",".312","","0.1","-0.2","","0.3","10323"
"Aristides Aquino","CIN","40","173","155","33","6","0","9","20","24","15","59","2","3","1","",".210",".284",".425",".709",".307","","0.8","0.0","","0.3","15482"
"Harold Ramírez","TBR","20","87","80","23","5","0","2","10","10","4","14","1","1","1","",".285",".329",".423",".751",".327","","-0.2","-0.1","","0.3","14387"
"Ezequiel Duran","TEX","31","133","122","29","6","1","3","15","14","7","34","1","3","1","",".233",".282",".380",".662",".288","","-0.1","0.0","","0.3","23733"
"Meibrys Viloria","TEX","17","65","57","13","3","0","1","7","6","7","19","1","0","0","",".221",".307",".348",".655",".292","","0.4","-0.1","","0.3","17109"
"Cavan Biggio","TOR","25","110","92","20","5","0","3","14","11","15","29","1","2","0","",".222",".338",".382",".719",".320","","0.2","0.0","","0.3","19252"
"Eric Haase","DET","22","86","79","18","3","0","4","10","11","6","26","1","0","0","",".222",".281",".407",".688",".299","","0.1","-0.1","","0.3","14111"
"Michael Stefanic","LAA","17","71","64","17","3","0","1","8","6","6","10","1","1","0","",".260",".328",".365",".694",".309","","0.2","-0.1","","0.3","25353"
"Christian Arroyo","BOS","18","79","72","18","4","0","2","9","9","5","16","2","1","0","",".254",".310",".419",".729",".318","","-0.2","0.0","","0.3","16434"
"Chas McCormick","HOU","15","64","56","13","2","0","2","7","7","6","16","1","1","0","",".234",".316",".393",".709",".313","","0.3","-0.1","","0.3","19599"
"Andrew Knizner","STL","25","98","87","20","4","0","2","10","9","8","19","2","1","0","",".233",".308",".341",".649",".290","","0.1","-0.1","","0.3","19514"
"Gavin Sheets","CHW","27","117","106","26","5","0","5","13","16","9","25","1","0","0","",".247",".308",".435",".742",".323","","-0.4","-0.3","","0.3","19901"
"Rougned Odor","BAL","38","163","147","30","7","1","7","18","20","12","44","3","1","1","",".207",".275",".400",".674",".293","","-0.8","-0.2","","0.3","12282"
"Frank Schwindel","CHC","34","145","135","34","7","0","6","16","20","8","27","1","0","0","",".254",".299",".441",".740",".319","","0.1","-0.2","","0.3","15351"
"Abraham Toro","SEA","17","71","64","15","3","0","2","8","8","6","12","1","1","0","",".231",".304",".386",".690",".303","","0.1","-0.1","","0.3","19844"
"Elias Díaz","COL","29","113","103","26","5","1","3","12","13","8","21","1","0","0","",".250",".309",".406",".715",".312","","-0.3","-0.2","","0.3","11680"
"Edward Olivares","KCR","20","88","80","21","4","0","3","10","10","6","17","1","2","1","",".261",".318",".418",".736",".321","","-0.2","0.0","","0.3","19698"
"Luke Maile","CLE","24","93","82","17","5","0","1","10","7","9","26","1","0","0","",".207",".294",".301",".595",".270","","0.5","0.0","","0.3","13355"
"David Bote","CHC","23","99","87","20","4","0","3","11","11","9","25","2","1","0","",".231",".310",".385",".695",".307","","-0.5","-0.1","","0.2","14593"
"Darin Ruf","NYM","21","89","77","18","3","0","3","11","11","10","24","1","0","0","",".235",".328",".411",".739",".325","","-0.1","-0.1","","0.2","9929"
"Nick Gordon","MIN","26","112","104","26","5","1","2","11","11","6","27","2","4","1","",".253",".300",".384",".685",".300","","-0.6","0.2","","0.2","16337"
"Eddie Rosario","ATL","40","173","161","41","7","1","6","21","24","10","29","0","3","1","",".253",".295",".429",".724",".312","","-0.4","0.1","","0.2","12155"
"Seth Beer","ARI","35","150","131","32","7","0","5","17","17","12","33","6","0","0","",".244",".331",".408",".738",".325","","0.0","-0.3","","0.2","20493"
"Jace Peterson","MIL","14","61","53","13","3","0","2","7","7","7","14","1","2","0","",".238",".324",".388",".711",".314","","-0.1","0.2","","0.2","12325"
"Eric Hosmer","BOS","43","185","167","45","9","0","5","19","22","15","33","1","1","1","",".268",".329",".406",".735",".320","","-0.5","-0.6","","0.2","3516"
"Owen Miller","CLE","40","173","158","39","9","1","3","18","18","11","38","2","1","0","",".244",".300",".370",".670",".294","","0.5","-0.2","","0.2","24655"
"Michael Chavis","PIT","44","189","174","42","7","1","7","20","23","10","54","2","1","1","",".240",".288",".420",".708",".306","","-0.4","-0.3","","0.2","17321"
"Robbie Grossman","ATL","34","145","124","28","6","1","3","16","13","18","35","2","3","1","",".227",".332",".358",".690",".310","","-0.2","-0.2","","0.2","5254"
"Seby Zavala","CHW","21","82","74","15","3","0","3","8","9","6","30","1","0","0","",".200",".264",".353",".616",".271","","-0.5","-0.1","","0.2","18887"
"Austin Wynns","SFG","22","87","78","18","3","0","2","9","8","7","18","1","0","0","",".231",".298",".334",".632",".282","","0.2","-0.1","","0.2","15271"
"Andrew Velazquez","LAA","28","122","111","24","5","1","3","13","12","8","37","1","6","1","",".213",".270",".341",".610",".269","","0.2","0.6","","0.2","14196"
"Harrison Bader","NYY","9","37","33","8","1","0","1","5","4","3","8","1","1","0","",".247",".314",".409",".723",".315","","0.5","0.1","","0.2","18030"
"Luke Raley","TBR","15","66","59","13","2","0","2","8","8","4","20","2","1","0","",".225",".301",".396",".696",".306","","0.4","0.0","","0.2","19354"
"Skye Bolt","OAK","15","64","57","13","3","0","2","7","6","5","17","1","1","0","",".219",".288",".367",".655",".288","","0.6","0.0","","0.2","17723"
"Will Benson","CLE","30","130","111","22","5","1","5","15","14","16","44","1","3","1","",".197",".303",".384",".687",".303","","-0.6","0.1","","0.2","21853"
"Aledmys Díaz","HOU","13","57","52","13","3","0","2","6","7","4","10","1","0","0","",".250",".306",".405",".711",".310","","0.0","-0.1","","0.2","15937"
"Brett Gardner","","24","105","91","20","4","1","2","11","10","11","24","1","1","0","",".224",".312",".354",".666",".297","","0.1","0.1","","0.2","9927"
"Corey Dickerson","STL","24","102","94","24","5","1","2","11","11","6","18","1","1","1","",".257",".303",".401",".704",".305","","0.0","-0.2","","0.2","10762"
"Jarren Duran","BOS","21","89","81","20","4","1","2","11","8","6","23","1","4","1","",".248",".303",".397",".700",".306","","-0.6","0.2","","0.2","24617"
"Josh VanMeter","PIT","28","122","106","23","6","1","3","13","13","14","29","1","2","1","",".218",".311",".377",".688",".305","","-0.2","-0.1","","0.2","15170"
"Nick Allen","OAK","44","190","172","39","8","1","3","20","16","13","38","2","4","2","",".226",".285",".328",".613",".273","","-0.5","-0.1","","0.2","22277"
"Mike Brosseau","MIL","14","59","52","12","2","0","2","7","7","5","15","1","0","0","",".236",".311",".402",".713",".313","","-0.2","-0.1","","0.2","19683"
"Franmil Reyes","CLE","22","97","88","21","4","0","5","11","14","8","32","0","1","0","",".240",".302",".457",".759",".327","","0.0","-0.2","","0.2","14566"
"Tomás Nido","NYM","18","70","65","14","3","0","1","6","6","3","18","1","0","0","",".216",".259",".309",".568",".251","","0.3","-0.2","","0.2","13755"
"Wil Myers","SDP","27","116","104","24","5","0","4","13","14","11","33","0","2","1","",".235",".305",".395",".700",".306","","-0.2","0.0","","0.2","10047"
"Willi Castro","DET","27","118","109","27","5","1","2","13","11","6","26","2","3","1","",".248",".295",".382",".677",".296","","-0.2","0.1","","0.2","17338"
"Matt Duffy","LAA","18","76","69","18","3","0","1","7","6","6","15","1","1","0","",".265",".330",".346",".675",".302","","-0.3","-0.1","","0.2","13836"
"Dylan Moore","SEA","12","52","45","9","2","0","2","6","5","5","15","1","3","1","",".204",".304",".363",".667",".297","","0.1","0.1","","0.2","18042"
"Curt Casali","SEA","14","56","49","11","2","0","1","5","6","6","16","1","0","0","",".218",".305",".351",".656",".291","","-0.2","-0.1","","0.2","12510"
"Manuel Margot","TBR","9","38","35","9","2","0","1","4","4","3","7","0","1","0","",".261",".321",".398",".719",".314","","0.1","0.0","","0.2","14712"
"Maikel Garcia","KCR","25","108","97","24","5","1","1","11","9","8","20","1","3","1","",".249",".307",".347",".654",".290","","-0.4","0.1","","0.2","22715"
"Cooper Hummel","ARI","17","71","60","13","3","1","2","9","7","9","19","1","1","0","",".224",".336",".380",".716",".319","","-0.1","0.0","","0.2","19458"
"Garrett Stubbs","PHI","12","47","41","9","2","0","1","6","4","4","10","0","1","0","",".228",".308",".365",".673",".299","","0.2","0.1","","0.2","18067"
"Jack Suwinski","PIT","20","87","76","17","3","0","4","10","10","9","26","1","1","1","",".218",".304",".417",".721",".315","","0.1","-0.1","","0.2","22244"
"Jose Herrera","ARI","17","65","57","12","2","0","1","6","5","7","16","0","0","0","",".208",".291",".307",".598",".270","","0.7","0.0","","0.2","17040"
"Greg Allen","PIT","18","79","70","17","4","1","1","9","7","5","18","3","3","1","",".241",".314",".353",".666",".296","","0.3","0.2","","0.2","16623"
"Leury García","CHW","31","133","122","30","5","1","2","14","12","7","28","1","2","1","",".248",".292",".345",".637",".281","","-0.5","0.1","","0.2","5913"
"Brad Miller","TEX","37","161","143","32","5","1","7","18","20","16","45","1","2","1","",".224",".302",".405",".707",".309","","-0.2","-0.3","","0.2","12775"
"René Pinto","TBR","11","44","41","9","2","0","1","4","5","3","14","0","0","0","",".218",".268",".360",".629",".275","","0.2","0.0","","0.2","19859"
"Yonathan Daza","COL","32","138","127","36","7","1","1","15","12","8","21","1","1","1","",".280",".326",".377",".703",".310","","0.4","-0.2","","0.2","15794"
"Kyle Garlick","MIN","14","61","56","13","3","0","3","8","8","4","18","1","0","0","",".236",".290",".464",".754",".324","","-0.2","0.0","","0.2","18063"
"Mike Moustakas","CIN","44","191","170","39","9","0","7","21","24","16","43","3","1","0","",".228",".304",".412",".715",".312","","-0.5","-0.4","","0.2","4892"
"Trevor Larnach","MIN","24","102","90","20","5","0","3","11","10","9","33","1","0","0","",".224",".304",".381",".685",".302","","0.4","-0.1","","0.2","21501"
"Hanser Alberto","LAD","18","76","73","20","4","0","1","8","8","2","9","1","1","0","",".267",".289",".382",".671",".292","","-0.1","0.0","","0.2","11902"
"Josh Lowe","TBR","15","66","59","13","3","0","2","8","7","6","20","0","2","0","",".228",".302",".383",".685",".301","","-0.3","0.2","","0.2","19953"
"Lewin Díaz","MIA","14","60","55","13","3","0","3","7","7","4","14","1","0","0","",".234",".287",".429",".716",".308","","0.5","-0.1","","0.2","18365"
"Edmundo Sosa","PHI","13","56","51","12","2","1","1","6","5","2","13","2","1","0","",".238",".295",".365",".660",".290","","0.4","-0.1","","0.2","17022"
"Sam Hilliard","COL","25","109","98","21","4","1","4","13","13","9","34","1","3","1","",".219",".289",".409",".698",".303","","0.5","0.2","","0.2","17954"
"Jonah Bride","OAK","21","89","78","18","4","0","2","10","8","8","18","2","0","0","",".230",".313",".348",".660",".296","","0.3","-0.1","","0.2","24703"
"Matt Reynolds","CIN","19","84","74","18","4","0","1","10","7","8","23","1","1","0","",".237",".319",".357",".675",".301","","0.1","0.0","","0.2","13788"
"Andrelton Simmons","CHC","14","62","57","14","2","0","1","6","5","4","8","0","1","0","",".244",".296",".322",".618",".275","","0.7","0.1","","0.2","10847"
"Tres Barrera","WSN","13","52","46","10","2","0","1","5","5","4","12","1","0","0","",".219",".294",".346",".639",".284","","-0.2","-0.1","","0.2","19977"
"Jarred Kelenic","SEA","17","74","67","14","3","0","3","8","9","6","20","1","2","1","",".215",".284",".398",".682",".297","","-0.3","0.0","","0.2","22558"
"Bryan De La Cruz","MIA","16","68","62","16","3","0","2","7","7","4","16","0","1","0","",".252",".305",".394",".699",".305","","-0.4","-0.1","","0.2","19600"
"Michael Papierski","CIN","27","105","90","18","3","0","2","12","8","12","26","1","1","1","",".197",".301",".298",".599",".274","","0.1","-0.3","","0.2","21386"
"Dillon Thomas","LAA","18","79","70","16","3","0","2","9","8","6","25","2","2","1","",".226",".304",".368",".672",".298","","0.5","0.0","","0.1","12719"
"Tyler Nevin","BAL","26","110","98","22","4","0","3","12","12","10","25","1","0","0","",".230",".307",".375",".683",".302","","0.2","-0.1","","0.1","17893"
"Terrin Vavra","BAL","14","60","52","13","3","0","1","7","5","7","12","1","1","1","",".245",".334",".369",".703",".314","","-0.1","-0.1","","0.1","24400"
"Steven Duggar","TEX","14","61","55","13","3","0","1","7","6","5","19","0","2","1","",".234",".302",".368",".670",".294","","0.2","0.1","","0.1","17719"
"Keston Hiura","MIL","21","92","81","18","4","0","4","11","11","8","33","2","2","1","",".224",".307",".415",".723",".317","","-0.2","0.0","","0.1","20003"
"Shea Langeliers","OAK","6","23","20","5","1","0","1","3","3","2","6","0","0","0","",".229",".298",".422",".720",".313","","0.0","0.0","","0.1","sa3010329"
"Garrett Hampson","COL","29","123","112","27","5","1","3","15","11","9","30","1","5","1","",".241",".300",".380",".680",".298","","-0.6","0.4","","0.1","19262"
"Zach McKinstry","CHC","17","73","65","15","3","1","2","8","9","6","17","1","1","1","",".238",".308",".396",".704",".308","","0.1","-0.1","","0.1","19392"
"Sergio Alcántara","ARI","22","94","83","18","3","1","2","9","8","9","24","1","1","1","",".217",".295",".325",".620",".277","","0.4","-0.1","","0.1","16417"
"Gilberto Celestino","MIN","20","87","78","19","4","0","1","9","8","7","19","1","1","0","",".245",".308",".359",".667",".295","","-0.2","-0.1","","0.1","20233"
"Esteury Ruiz","MIL","12","54","48","11","2","0","1","6","5","4","13","1","3","1","",".228",".293",".371",".665",".293","","0.2","0.2","","0.1","21780"
"Raimel Tapia","TOR","20","87","80","21","5","0","1","10","8","5","15","0","2","1","",".266",".309",".385",".694",".303","","-0.5","0.2","","0.1","14350"
"Michael Massey","KCR","8","35","32","8","2","0","1","4","4","2","7","0","1","0","",".256",".301",".411",".712",".310","","0.0","0.0","","0.1","27684"
"Stephen Piscotty","OAK","41","177","161","37","8","0","6","17","20","12","46","2","1","0","",".228",".288",".385",".673",".294","","-0.6","0.0","","0.1","13367"
"Spencer Steer","CIN","6","25","23","5","1","0","1","3","3","2","6","0","0","0","",".240",".314",".450",".764",".331","","0.0","0.0","","0.1","sa3010586"
"Nelson Velázquez","CHC","16","67","62","14","3","0","3","8","9","4","21","1","2","0","",".230",".281",".418",".699",".301","","0.0","0.1","","0.1","23359"
"Adam Engel","CHW","14","61","56","13","3","0","1","7","6","3","16","1","2","1","",".233",".288",".374",".663",".290","","0.1","0.2","","0.1","15082"
"Jonathan Davis","MIL","13","56","48","10","2","0","1","6","5","6","15","1","2","1","",".211",".308",".325",".633",".287","","0.1","0.1","","0.1","15104"
"Yu Chang","TBR","11","46","42","9","2","0","1","5","5","3","14","1","0","0","",".219",".278",".370",".649",".285","","0.1","-0.1","","0.1","14773"
"Yairo Muñoz","PHI","9","38","36","10","2","0","1","4","4","2","7","0","1","0","",".268",".306",".411",".717",".311","","0.0","0.0","","0.1","16313"
"Jason Delay","PIT","26","103","95","19","4","0","2","9","9","5","28","1","1","0","",".205",".255",".334",".589",".260","","-0.8","-0.1","","0.1","19806"
"Maikel Franco","WSN","40","172","161","37","8","0","5","16","19","9","30","1","0","0","",".232",".274",".377",".651",".282","","-0.7","-0.2","","0.1","12179"
"Johan Camargo","PHI","6","28","25","6","1","0","1","3","3","2","6","0","0","0","",".250",".313",".406",".719",".314","","0.0","0.0","","0.1","14950"
"Buddy Kennedy","ARI","8","36","32","8","1","0","1","4","4","3","8","0","1","0","",".249",".319",".401",".720",".316","","-0.1","0.0","","0.1","22505"
"Emmanuel Rivera","ARI","15","64","59","15","3","1","2","7","7","4","13","1","0","0","",".247",".295",".400",".696",".303","","-0.1","0.0","","0.1","19890"
"Jo Adell","LAA","36","156","143","33","7","1","6","16","21","9","47","2","3","1","",".230",".284",".417",".701",".304","","-1.6","0.0","","0.1","20220"
"Jonathan Araúz","BAL","10","45","41","9","2","0","1","5","5","3","9","0","0","0","",".226",".288",".362",".650",".287","","0.2","0.0","","0.1","20275"
"Charles Leblanc","MIA","11","48","43","10","2","0","1","5","5","4","14","0","0","0","",".222",".284",".355",".639",".282","","0.2","-0.1","","0.1","19813"
"Diego Castillo","PIT","13","56","51","12","3","0","2","6","6","4","11","1","1","0","",".233",".290",".380",".670",".293","","-0.1","0.0","","0.1","19906"
"Darick Hall","PHI","22","97","86","19","5","0","4","12","12","8","26","2","0","0","",".224",".299",".427",".725",".315","","0.0","-0.1","","0.1","19717"
"Elehuris Montero","COL","10","44","39","10","2","0","2","6","6","3","10","1","0","0","",".258",".319",".451",".770",".334","","0.0","0.0","","0.1","20543"
"Wilson Ramos","","8","32","29","8","1","0","1","4","4","2","6","0","0","0","",".260",".312",".416",".728",".317","","-0.2","-0.2","","0.1","1433"
"Sam Huff","TEX","13","53","49","11","2","0","2","6","6","3","18","0","0","0","",".225",".276",".392",".669",".290","","0.0","-0.1","","0.1","22209"
"Jason Vosler","SFG","5","23","20","5","1","0","1","3","3","2","5","0","0","0","",".234",".308",".411",".719",".313","","0.0","0.0","","0.1","16686"
"Gabriel Arias","CLE","8","33","31","8","2","0","1","4","3","2","8","0","0","0","",".246",".296",".390",".686",".300","","-0.1","0.0","","0.1","22563"
"Patrick Mazeika","NYM","7","28","25","6","1","0","1","3","3","2","5","0","0","0","",".221",".285",".356",".640",".283","","-0.2","0.0","","0.1","18142"
"Samad Taylor","KCR","6","25","22","5","1","0","1","3","3","2","6","0","1","0","",".236",".309",".389",".698",".306","","0.0","0.1","","0.1","sa918192"
"Bobby Dalbec","BOS","11","49","44","10","2","0","2","6","7","4","16","1","0","0","",".223",".298",".435",".733",".317","","0.0","-0.1","","0.1","19966"
"Aramis Garcia","CIN","8","30","28","6","1","0","1","3","3","2","9","0","0","0","",".219",".267",".364",".631",".277","","0.1","-0.1","","0.1","16925"
"Michael Hermosillo","CHC","7","31","27","6","1","0","1","4","4","3","10","1","1","0","",".213",".307",".389",".695",".308","","0.0","0.0","","0.1","16285"
"Dixon Machado","SFG","8","33","29","7","1","0","0","3","3","3","5","0","0","0","",".248",".327",".342",".669",".300","","-0.4","0.0","","0.1","11472"
"Luis Torrens","SEA","10","41","37","8","2","0","1","4","4","3","11","0","0","0","",".225",".285",".365",".650",".285","","0.0","-0.1","","0.1","15905"
"TJ Friedl","CIN","12","51","45","11","2","1","1","6","4","4","10","1","1","0","",".240",".317",".379",".696",".307","","-0.1","0.1","","0.1","19522"
"Kody Clemens","DET","13","57","52","12","2","1","2","6","7","4","14","0","1","0","",".223",".278",".399",".677",".294","","0.0","0.0","","0.1","20572"
"Nick Solak","TEX","8","33","30","8","1","0","1","4","4","2","7","1","1","0","",".253",".322",".395",".717",".316","","-0.2","0.0","","0.1","19294"
"David Villar","SFG","6","25","22","5","1","0","1","3","3","2","8","0","0","0","",".219",".303",".377",".680",".301","","0.1","0.0","","0.1","24782"
"Gabriel Moreno","TOR","3","12","11","3","1","0","0","1","1","1","2","0","0","0","",".260",".312",".408",".719",".314","","0.1","0.0","","0.1","22664"
"Francisco Álvarez","NYM","3","12","10","2","0","0","0","1","1","1","3","0","0","0","",".221",".310",".413",".722",".316","","0.0","0.0","","0.1","sa3010862"
"Mitch Moreland","","16","70","63","15","3","0","3","8","9","6","16","1","0","0","",".234",".300",".422",".722",".313","","0.0","-0.3","","0.1","3086"
"Brent Rooker","KCR","10","45","39","8","2","0","2","5","5","4","15","1","0","0","",".215",".304",".424",".728",".317","","-0.3","0.0","","0.1","19627"
"Josh Palacios","WSN","27","118","105","24","5","0","2","12","11","10","29","2","3","2","",".231",".305",".350",".655",".291","","0.0","-0.1","","0.1","19818"
"Cristian Pache","OAK","15","64","59","12","3","0","1","6","6","4","17","0","1","1","",".211",".263",".342",".605",".266","","0.4","-0.1","","0.1","19948"
"Kevin Smith","OAK","9","37","34","7","2","0","1","4","4","2","11","0","1","0","",".210",".265",".369",".634",".277","","0.1","0.0","","0.1","20242"
"Tucupita Marcano","PIT","8","33","29","7","1","0","0","4","3","3","6","0","1","0","",".237",".309",".335",".645",".288","","0.2","0.0","","0.1","22871"
"Cal Mitchell","PIT","29","125","116","29","6","0","4","14","14","6","26","1","1","1","",".248",".292",".393",".685",".298","","-0.5","-0.1","","0.1","22169"
"Triston Casas","BOS","6","27","24","6","1","0","1","3","3","3","6","0","0","0","",".241",".330",".426",".757",".330","","0.0","0.0","","0.1","sa3007634"
"Jackie Bradley Jr.","BOS","18","76","69","15","4","0","1","8","7","6","19","1","1","0","",".217",".284",".350",".633",".280","","0.6","0.0","","0.1","12984"
"Jason Heyward","CHC","7","29","25","6","1","0","1","3","3","3","6","0","0","0","",".236",".312",".368",".680",".301","","0.2","0.0","","0.1","4940"
"Brett Phillips","BAL","12","50","44","8","1","0","2","6","5","5","18","0","2","0","",".182",".274",".335",".609",".272","","0.6","0.2","","0.1","14735"
"Albert Pujols","STL","21","89","81","20","3","0","4","9","13","6","14","1","1","0","",".241",".298",".410",".708",".306","","0.0","-0.3","","0.1","1177"
"Mickey Moniak","LAA","22","97","88","19","4","1","3","10","11","6","27","1","1","0","",".215",".270",".376",".646",".280","","0.0","0.0","","0.1","19956"
"Iván Herrera","STL","5","19","16","4","1","0","0","2","2","2","4","0","0","0","",".215",".293",".344",".636",".284","","-0.1","0.0","","0.1","20599"
"Phil Gosselin","LAA","25","110","100","24","4","1","2","11","11","8","25","1","1","0","",".236",".294",".345",".639",".283","","-0.3","-0.2","","0.1","10953"
"Drew Waters","KCR","8","33","29","7","2","0","1","3","3","2","10","0","1","0","",".240",".301",".388",".689",".302","","0.0","0.0","","0.1","sa3004378"
"Jake Burger","CHW","4","18","16","4","1","0","1","2","2","1","4","0","0","0","",".243",".307",".422",".728",".317","","-0.1","0.0","","0.1","22275"
"Roman Quinn","TBR","9","41","36","7","1","0","1","4","3","3","13","1","2","1","",".206",".283",".315",".598",".269","","0.1","0.1","","0.1","13546"
"Yonny Hernandez","ARI","5","20","17","4","1","0","0","2","1","2","4","0","1","0","",".232",".331",".300",".631",".290","","0.0","0.0","","0.1","19432"
"Ronaldo Hernández","BOS","3","11","11","3","1","0","0","1","1","0","2","0","0","0","",".255",".288",".427",".715",".309","","0.0","0.0","","0.1","sa881850"
"Ben Rortvedt","NYY","3","11","10","2","0","0","0","1","1","1","3","0","0","0","",".209",".277",".357",".635",".280","","0.0","0.0","","0.1","20287"
"Cam Gallagher","SDP","3","11","10","2","1","0","0","1","1","1","2","0","0","0","",".232",".291",".344",".636",".282","","0.0","0.0","","0.1","12981"
"Pedro Severino","MIL","11","45","41","9","2","0","1","4","5","4","11","0","0","0","",".230",".298",".363",".660",".292","","-0.3","-0.1","","0.1","14523"
"Miguel Vargas","","5","23","21","5","1","0","1","2","2","2","6","0","0","0","",".226",".291",".359",".650",".287","","0.0","0.0","","0.0","sa828585"
"Trayce Thompson","LAD","6","28","25","5","1","0","1","3","4","2","10","0","0","0","",".206",".283",".411",".694",".302","","0.0","0.0","","0.0","9952"
"Ildemaro Vargas","WSN","5","22","21","5","1","0","0","2","2","1","3","0","0","0","",".248",".293",".377",".670",".292","","0.0","0.0","","0.0","13324"
"Jonathan Aranda","TBR","2","10","9","2","0","0","0","1","1","1","2","0","0","0","",".254",".322",".398",".720",".317","","0.0","0.0","","0.0","21837"
"Travis Swaggerty","PIT","6","28","25","6","1","0","1","3","2","2","7","0","1","0","",".235",".301",".363",".663",".293","","0.1","0.0","","0.0","24491"
"Rob Refsnyder","BOS","3","15","13","3","1","0","0","2","2","1","4","0","0","0","",".258",".336",".405",".740",".326","","0.0","0.0","","0.0","13770"
"Lenyn Sosa","CHW","12","51","48","11","2","0","1","5","5","2","11","0","0","0","",".235",".266",".354",".620",".270","","0.2","-0.1","","0.0","22896"
"Yolmer Sánchez","BOS","7","32","28","6","1","0","0","3","3","3","8","0","0","0","",".228",".302",".340",".642",".286","","0.1","0.0","","0.0","11602"
"Yermín Mercedes","SFG","5","22","20","5","1","0","1","2","3","2","4","0","0","0","",".251",".312",".393",".705",".309","","-0.1","0.0","","0.0","17423"
"Marwin Gonzalez","NYY","5","22","20","5","1","0","1","2","2","2","5","0","0","0","",".228",".294",".359",".653",".289","","0.0","0.0","","0.0","5497"
"Dominic Smith","NYM","8","33","30","7","2","0","1","3","4","2","8","1","0","0","",".242",".306",".389",".695",".305","","-0.1","-0.1","","0.0","15653"
"Riley Adams","WSN","13","51","44","9","2","0","2","5","5","5","17","1","0","0","",".208",".303",".363",".665",".297","","-0.2","-0.1","","0.0","19864"
"Albert Almora Jr.","CIN","32","138","128","31","6","1","4","14","15","6","25","1","2","1","",".244",".283",".380",".663",".288","","0.6","-0.3","","0.0","14109"
"Jake Cave","MIN","5","23","21","5","1","0","1","3","2","2","7","0","0","0","",".240",".307",".404",".711",".311","","-0.1","0.0","","0.0","14477"
"Luke Williams","MIA","6","28","25","5","1","0","0","3","2","2","7","0","1","0","",".221",".290",".324",".614",".273","","0.1","0.0","","0.0","19931"
"Sam Haggerty","SEA","5","22","20","4","1","0","0","3","2","2","6","0","1","0","",".222",".299",".351",".649",".288","","0.0","0.1","","0.0","18054"
"Yoshi Tsutsugo","PIT","31","135","117","25","5","0","4","14","15","15","33","1","0","0","",".217",".308",".373",".681",".302","","-0.1","-0.2","","0.0","27459"
"Nomar Mazara","SDP","6","27","24","6","1","0","1","3","3","2","6","0","0","0","",".247",".306",".389",".694",".305","","-0.1","0.0","","0.0","14553"
"Alan Trejo","COL","8","34","32","7","2","0","1","4","4","2","8","0","0","0","",".237",".277",".395",".673",".291","","0.2","-0.1","","0.0","20056"
"Pavin Smith","ARI","5","20","18","5","1","0","1","2","2","2","4","0","0","0","",".247",".317",".396",".714",".313","","0.0","0.0","","0.0","19892"
"Joey Meneses","WSN","18","76","70","17","3","0","2","9","9","5","17","0","0","0","",".245",".292",".398",".691",".299","","0.2","-0.1","","0.0","14366"
"Zack Short","DET","3","12","11","2","0","0","0","1","1","1","4","0","0","0","",".201",".306",".360",".666",".297","","0.0","0.0","","0.0","19562"
"Tim Beckham","MIN","6","25","23","6","1","0","1","3","3","2","7","0","0","0","",".239",".292",".406",".698",".304","","-0.5","0.0","","0.0","7949"
"Ryan McKenna","BAL","7","30","27","6","1","0","1","3","3","3","9","0","1","0","",".217",".297",".357",".654",".289","","0.2","0.0","","0.0","19928"
"Ryan O'Hearn","KCR","12","53","47","11","2","0","2","5","6","4","14","0","0","0","",".225",".295",".399",".694",".302","","0.0","-0.1","","0.0","16442"
"Alejo Lopez","CIN","3","13","11","3","1","0","0","1","1","1","2","0","0","0","",".269",".333",".359",".692",".308","","0.0","0.0","","0.0","21127"
"Travis Jankowski","SEA","8","34","30","7","1","0","0","4","2","4","7","0","1","0","",".226",".319",".294",".613",".279","","0.0","0.0","","0.0","13768"
"Jake Lamb","SEA","7","30","26","5","1","0","1","3","3","3","9","0","0","0","",".207",".300",".374",".674",".299","","-0.1","-0.1","","0.0","13329"
"Andy Ibáñez","TEX","3","13","12","3","1","0","0","1","1","1","2","0","0","0","",".256",".309",".397",".706",".309","","0.0","0.0","","0.0","18819"
"Carter Bins","PIT","6","23","21","4","1","0","1","2","2","2","8","0","0","0","",".188",".274",".313",".586",".264","","0.0","0.0","","0.0","sa1115884"
"Dom Nuñez","COL","4","15","13","3","1","0","1","2","2","2","5","0","0","0","",".201",".300",".380",".679",".298","","0.0","0.0","","0.0","15055"
"Mark Kolozsvary","CIN","6","23","21","4","1","0","1","2","2","2","8","1","0","0","",".186",".272",".328",".600",".269","","0.2","0.0","","0.0","21304"
"Jose Rojas","LAA","6","28","26","6","1","0","1","3","3","2","7","0","0","0","",".227",".286",".401",".687",".299","","-0.1","0.0","","0.0","19331"
"Kyle Stowers","BAL","3","13","11","3","1","0","1","1","2","1","4","0","0","0","",".234",".309",".433",".742",".322","","0.0","0.0","","0.0","26151"
"Jaylin Davis","BOS","4","17","15","4","1","0","1","2","2","1","5","0","0","0","",".231",".303",".411",".714",".311","","0.0","0.0","","0.0","19552"
"Harold Castro","DET","32","140","132","36","6","1","2","13","13","6","29","1","1","0","",".269",".300",".365",".665",".291","","-0.9","-0.2","","0.0","14691"
"Pablo Reyes","MIL","2","10","9","2","0","0","0","1","1","1","2","0","0","0","",".237",".301",".382",".683",".299","","0.0","0.0","","0.0","16357"
"Vidal Bruján","TBR","2","10","9","2","0","0","0","1","1","1","2","0","1","0","",".226",".291",".346",".638",".283","","0.0","0.0","","0.0","20536"
"Eli White","TEX","4","15","14","3","1","0","0","2","1","1","5","0","1","0","",".211",".286",".338",".624",".278","","0.1","0.0","","0.0","19346"
"Sheldon Neuse","OAK","10","42","38","9","1","0","1","4","4","3","11","0","1","0","",".236",".290",".362",".652",".287","","0.0","0.0","","0.0","19635"
"Tim Locastro","NYY","3","15","13","3","1","0","0","2","1","1","3","1","1","0","",".233",".316",".362",".678",".303","","-0.1","0.1","","0.0","15124"
"Eric Sogard","","8","35","32","8","2","0","0","3","3","2","6","0","0","0","",".240",".297",".340",".638",".282","","-0.2","-0.1","","0.0","7927"
"P.J. Higgins","CHC","8","33","29","7","1","0","1","4","3","3","7","0","0","0","",".237",".311",".362",".672",".299","","0.0","-0.1","","0.0","18433"
"Bradley Zimmer","TOR","5","20","18","4","1","0","0","2","2","2","7","1","1","0","",".204",".296",".328",".625",".282","","0.0","0.0","","0.0","16221"
"Stone Garrett","ARI","4","15","14","3","1","0","1","2","2","1","4","0","0","0","",".240",".286",".436",".722",".310","","0.0","0.0","","0.0","sa829117"
"Conner Capel","STL","3","13","12","3","0","0","0","1","1","1","3","0","0","0","",".232",".293",".374",".667",".292","","0.1","0.0","","0.0","19983"
"David Dahl","WSN","10","44","41","10","2","0","1","4","5","3","11","0","0","0","",".240",".292",".388",".680",".297","","-0.1","0.0","","0.0","13744"
"Charlie Culberson","TEX","10","43","40","10","2","0","1","5","4","2","11","0","1","0","",".241",".286",".361",".647",".283","","-0.3","0.0","","0.0","3298"
"Rodolfo Castro","PIT","2","10","9","2","0","0","0","1","1","1","3","0","0","0","",".219",".274",".388",".662",".288","","0.0","0.0","","0.0","21987"
"Richie Palacios","CLE","2","8","7","2","0","0","0","1","1","1","1","0","0","0","",".259",".338",".387",".725",".321","","0.0","0.0","","0.0","24589"
"Connor Wong","BOS","2","7","6","1","0","0","0","1","1","0","2","0","0","0","",".238",".284",".406",".690",".299","","0.0","0.0","","0.0","19896"
"Nate Eaton","KCR","6","28","25","6","1","0","1","3","3","2","7","0","1","0","",".227",".283",".349",".633",".279","","0.0","0.0","","0.0","25055"
"Stuart Fairchild","CIN","8","36","32","7","1","0","1","4","4","3","10","1","1","0","",".215",".292",".377",".669",".295","","0.1","0.0","","0.0","20321"
"Rylan Bannon","BAL","2","10","9","2","0","0","0","1","1","1","3","0","0","0","",".208",".294",".378",".672",".297","","0.0","0.0","","0.0","19768"
"Payton Henry","MIA","2","9","8","2","0","0","0","1","1","1","3","0","0","0","",".205",".277",".320",".598",".267","","0.0","0.0","","0.0","22164"
"Alfonso Rivas","CHC","14","62","55","13","2","0","1","7","6","6","17","1","0","0","",".239",".320",".346",".667",".297","","0.1","-0.1","","0.0","21560"
"Jake Marisnick","PIT","4","15","14","3","1","0","0","2","2","1","5","0","0","0","",".225",".281",".380",".661",".288","","0.1","0.0","","0.0","11339"
"Khris Davis","","8","35","31","7","1","0","2","4","5","3","10","0","0","0","",".224",".291",".428",".718",".311","","0.0","-0.1","","0.0","9112"
"Austin Romine","CIN","19","75","70","16","3","0","2","7","7","3","20","0","0","0","",".230",".267",".346",".612",".268","","-0.2","-0.1","","0.0","5491"
"Edwin Ríos","LAD","9","41","37","8","2","0","2","5","6","3","15","1","0","0","",".213",".279",".430",".709",".305","","0.0","-0.1","","0.0","18316"
"James Outman","LAD","2","10","9","2","0","0","0","1","1","1","3","0","0","0","",".213",".284",".386",".670",".294","","0.0","0.0","","0.0","24770"
"Dustin Garneau","DET","2","7","6","1","0","0","0","1","1","1","2","0","0","0","",".202",".278",".377",".655",".288","","0.0","0.0","","0.0","9433"
"Oswald Peraza","NYY","1","5","5","1","0","0","0","1","1","0","1","0","0","0","",".241",".294",".389",".683",".299","","0.0","0.0","","0.0","sa3003305"
"Donovan Walton","SFG","1","5","4","1","0","0","0","1","1","0","1","0","0","0","",".249",".317",".389",".706",".310","","0.0","0.0","","0.0","19314"
"Luis Barrera","OAK","3","12","11","3","1","0","0","1","1","1","3","0","0","0","",".234",".291",".345",".635",".281","","0.1","0.0","","0.0","19615"
"Ehire Adrianza","ATL","14","63","56","13","3","0","1","7","6","5","13","1","0","0","",".230",".301",".338",".639",".285","","-0.5","-0.1","","0.0","8418"
"Mark Mathias","TEX","1","5","5","1","0","0","0","1","0","0","1","0","0","0","",".230",".306",".365",".670",".297","","0.0","0.0","","0.0","18032"
"Michael Perez","NYM","2","7","6","1","0","0","0","1","1","1","2","0","0","0","",".195",".267",".345",".612",".270","","0.0","0.0","","0.0","12977"
"Jason Castro","HOU","2","7","6","1","0","0","0","1","1","1","2","0","0","0","",".189",".291",".335",".626",".282","","0.0","0.0","","0.0","8722"
"Darin Ruf","NYM","1","5","4","1","0","0","0","1","1","1","1","0","0","0","",".235",".328",".411",".739",".325","","0.0","0.0","","0.0","9929"
"Shed Long Jr.","BAL","2","8","7","2","0","0","0","1","1","1","2","0","0","0","",".225",".295",".368",".664",".293","","0.0","0.0","","0.0","16542"
"Alex Call","CLE","1","5","4","1","0","0","0","1","1","1","1","0","0","0","",".230",".313",".376",".689",".306","","0.0","0.0","","0.0","19296"
"Sebastian Rivero","KCR","8","30","27","6","1","0","0","3","3","2","8","0","0","0","",".211",".263",".321",".584",".258","","0.0","0.0","","0.0","21735"
"Brian Goodwin","","6","28","25","6","1","0","1","3","3","3","7","0","0","0","",".225",".301",".375",".676",".298","","-0.2","-0.1","","0.0","12858"
"Matt Thaiss","LAA","1","5","4","1","0","0","0","1","1","1","1","0","0","0","",".225",".312",".385",".697",".307","","0.0","0.0","","0.0","19318"
"Ernie Clement","CLE","3","13","12","3","1","0","0","1","1","1","2","0","0","0","",".240",".292",".321",".613",".273","","0.1","0.0","","0.0","20352"
"Mike Ford","ATL","2","8","4","1","0","0","0","1","1","1","1","0","0","0","",".218",".309",".395",".704",".309","","0.0","0.0","","0.0","15585"
"Bligh Madris","PIT","25","107","96","22","5","0","2","11","11","9","24","1","1","1","",".232",".297",".366",".663",".292","","0.0","-0.2","","0.0","20054"
"Mark Contreras","MIN","4","15","14","3","1","0","0","2","2","1","5","0","0","0","",".203",".272",".368",".640",".280","","0.1","0.0","","0.0","20122"
"Chad Wallach","LAA","2","9","8","2","0","0","0","1","1","1","3","0","0","0","",".191",".274",".334",".608",".271","","-0.1","0.0","","0.0","17161"
"Donny Sands","PHI","1","2","2","0","0","0","0","0","0","0","0","0","0","0","",".237",".313",".384",".698",".307","","0.0","0.0","","0.0","sa875201"
"Jeter Downs","BOS","3","15","13","3","1","0","0","2","2","1","5","0","0","0","",".205",".271",".364",".635",".279","","0.0","0.0","","0.0","22202"
"Eddy Alvarez","LAD","1","5","5","1","0","0","0","1","1","0","1","0","0","0","",".227",".304",".361",".665",".295","","0.0","0.0","","0.0","16959"
"Taylor Trammell","SEA","1","5","4","1","0","0","0","1","1","1","1","0","0","0","",".209",".297",".366",".662",".294","","0.0","0.0","","0.0","19960"
"Narciso Crook","CHC","1","5","5","1","0","0","0","1","1","0","2","0","0","0","",".226",".295",".404",".700",".306","","0.0","0.0","","0.0","17473"
"J.J. Matijevic","HOU","1","5","4","1","0","0","0","1","1","0","2","0","0","0","",".220",".285",".425",".710",".307","","0.0","0.0","","0.0","20165"
"José Azocar","SDP","3","12","11","3","0","0","0","1","1","1","3","0","0","0","",".236",".280",".345",".625",".275","","0.0","0.0","","0.0","18821"
"Adam Haseley","CHW","2","8","7","2","0","0","0","1","1","1","2","0","0","0","",".238",".299",".374",".673",".296","","0.0","0.0","","0.0","19878"
"Anthony Bemboom","BAL","1","5","4","1","0","0","0","0","0","0","1","0","0","0","",".197",".273",".324",".597",".267","","0.0","0.0","","0.0","13854"
"Ryan Kreidler","DET","1","2","2","1","0","0","0","0","0","0","1","0","0","0","",".230",".302",".383",".685",".301","","0.0","0.0","","0.0","sa3010587"
"Matthew Batten","SDP","1","5","4","1","0","0","0","1","0","0","1","0","0","0","",".232",".300",".327",".627",".281","","0.0","0.0","","0.0","20157"
"Zack Collins","TOR","3","12","10","2","1","0","0","1","1","2","4","0","0","0","",".201",".308",".368",".677",".301","","-0.1","0.0","","0.0","19181"
"Hoy Park","PIT","1","3","2","0","0","0","0","0","0","0","1","0","0","0","",".230",".331",".362",".693",".308","","0.0","0.0","","0.0","18027"
"Símon Muzziotti","PHI","4","18","16","4","1","0","0","2","1","1","4","0","0","0","",".239",".293",".348",".642",".283","","0.0","0.0","","0.0","19553"
"Daz Cameron","DET","2","10","9","2","0","0","0","1","1","1","3","0","0","0","",".227",".294",".375",".669",".295","","0.0","0.0","","0.0","18353"
"Canaan Smith-Njigba","PIT","1","3","2","1","0","0","0","0","0","0","1","0","0","0","",".235",".325",".367",".693",".308","","0.0","0.0","","0.0","23264"
"Steele Walker","TEX","2","8","7","2","0","0","0","1","1","1","2","0","0","0","",".230",".288",".371",".658",".289","","0.0","0.0","","0.0","22093"
"Rafael Marchan","PHI","2","7","6","1","0","0","0","1","1","1","1","0","0","0","",".226",".291",".331",".622",".277","","0.0","0.0","","0.0","21646"
"Kramer Robertson","NYM","1","3","2","0","0","0","0","0","0","0","1","0","0","0","",".211",".310",".325",".635",".288","","0.0","0.0","","0.0","20022"
"Chadwick Tromp","ATL","1","2","2","0","0","0","0","0","0","0","1","0","0","0","",".226",".272",".368",".640",".280","","0.0","0.0","","0.0","16953"
"Alex Jackson","MIL","1","2","2","0","0","0","0","0","0","0","1","0","0","0","",".188",".269",".380",".649",".284","","0.0","0.0","","0.0","17276"
"Miguel Andújar","NYY","1","2","2","1","0","0","0","0","0","0","0","0","0","0","",".265",".302",".437",".739",".319","","-0.1","0.0","","0.0","15878"
"Sandy León","MIN","2","7","6","1","0","0","0","1","1","1","2","0","0","0","",".190",".263",".295",".558",".252","","0.0","0.0","","0.0","5273"
"Otto Lopez","TOR","1","3","2","1","0","0","0","0","0","0","0","0","0","0","",".252",".308",".366",".674",".296","","0.0","0.0","","0.0","19608"
"Dermis Garcia","OAK","7","30","27","5","1","0","1","3","3","2","11","0","0","0","",".191",".261",".370",".631",".277","","0.1","0.0","","0.0","20926"
"Yolbert Sanchez","CHW","1","3","2","1","0","0","0","0","0","0","0","0","0","0","",".250",".300",".340",".640",".283","","0.0","0.0","","0.0","sa3011471"
"Tim Lopes","COL","1","2","2","1","0","0","0","0","0","0","1","0","0","0","",".253",".310",".394",".704",".308","","0.0","0.0","","0.0","14137"
"Alcides Escobar","WSN","11","49","46","11","2","0","1","5","4","2","10","1","0","0","",".235",".281",".332",".613",".271","","-0.3","0.0","","0.0","6310"
"Richie Martin","BAL","3","13","11","2","0","0","0","1","1","1","3","0","0","0","",".218",".282",".325",".608",".271","","0.0","0.0","","0.0","17736"
"Jake Hager","ARI","1","3","2","1","0","0","0","0","0","0","1","0","0","0","",".219",".284",".346",".630",".279","","0.0","0.0","","0.0","12198"
"Billy Hamilton","MIA","2","10","9","2","0","0","0","1","1","1","3","0","1","0","",".206",".260",".286",".545",".244","","0.1","0.1","","0.0","10199"
"Franchy Cordero","BOS","1","2","2","1","0","0","0","0","0","0","1","0","0","0","",".234",".306",".397",".704",".308","","0.0","0.0","","0.0","14567"
"Cole Tucker","ARI","1","3","2","0","0","0","0","0","0","0","1","0","0","0","",".216",".286",".332",".618",".275","","0.0","0.0","","0.0","17326"
"Heliot Ramos","SFG","2","8","7","2","0","0","0","1","1","1","2","0","0","0","",".230",".289",".364",".654",".288","","-0.1","0.0","","0.0","22515"
"Nick Ciuffo","CHW","2","7","6","1","0","0","0","1","1","0","2","0","0","0","",".197",".252",".322",".573",".254","","0.0","0.0","","0.0","16291"
"Ryan Vilade","COL","2","7","7","2","0","0","0","1","1","1","1","0","0","0","",".253",".315",".371",".686",".303","","0.0","0.0","","0.0","22165"
"Nick Plummer","NYM","1","3","2","0","0","0","0","0","0","0","1","0","0","0","",".195",".295",".340",".635",".286","","0.0","0.0","","0.0","18690"
"Lucius Fox","WSN","2","7","7","1","0","0","0","1","1","1","2","0","0","0","",".207",".288",".315",".603",".271","","0.0","0.0","","0.0","18899"
"Tony Wolters","LAD","1","2","2","0","0","0","0","0","0","0","1","0","0","0","",".196",".275",".272",".546",".249","","0.0","0.0","","0.0","11470"
"Jose Lobaton","","0","0","0","0","0","0","0","0","0","0","0","0","0","0","",".000",".000",".000",".000",".000","","0.0","0.0","","0.0","4243"
"Andrew Knapp","SFG","3","14","12","2","1","0","0","1","1","1","4","0","0","0","",".199",".290",".306",".596",".269","","-0.2","0.0","","0.0","14942"
"Sean Bouchard","COL","2","7","7","2","0","0","0","1","1","1","2","0","0","0","",".238",".300",".413",".713",".310","","0.0","0.0","","0.0","21270"
"Koby Clemens","","3","12","11","3","0","0","0","1","1","1","3","0","0","0","",".226",".291",".359",".650",".287","","0.0","0.0","","0.0","sa294917"
"Kelvin Gutiérrez","BAL","3","13","11","3","0","0","0","1","1","1","3","0","0","0","",".234",".290",".352",".641",".283","","0.1","0.0","","0.0","17468"
"Jed Lowrie","OAK","15","64","58","13","3","0","1","6","7","6","14","0","0","0","",".228",".297",".358",".655",".290","","-0.1","-0.2","","0.0","4418"
"Caleb Hamilton","MIN","9","37","33","6","1","0","1","4","3","4","12","0","0","0","",".178",".267",".310",".577",".259","","-0.5","0.0","","0.0","19842"
"Ronnie Dawson","CIN","1","5","5","1","0","0","0","1","1","0","1","0","0","0","",".217",".295",".361",".656",".290","","-0.1","0.0","","0.0","19710"
"Jerar Encarnacion","MIA","2","8","7","1","0","0","0","1","1","1","2","0","0","0","",".217",".275",".365",".640",".281","","0.0","0.0","","0.0","21871"
"Guillermo Heredia","ATL","3","15","13","3","1","0","0","2","1","1","4","0","0","0","",".211",".292",".340",".632",".281","","0.0","0.0","","0.0","18721"
"Jacob Nottingham","BAL","4","17","15","3","1","0","1","2","2","1","5","0","0","0","",".198",".272",".360",".633",".280","","0.0","0.0","","0.0","16448"
"Magneuris Sierra","LAA","9","38","35","8","1","0","0","4","3","2","8","0","2","1","",".237",".282",".322",".605",".266","","0.0","0.1","","0.0","17023"
"Donovan Casey","WSN","5","22","20","4","1","0","1","2","2","1","7","0","0","0","",".217",".267",".360",".626",".274","","0.0","0.0","","0.0","sa915654"
"Kurt Suzuki","LAA","17","65","59","13","2","0","1","6","6","4","12","2","0","0","",".221",".289",".341",".630",".281","","-1.1","-0.2","","0.0","8259"
"Robinson Chirinos","BAL","19","73","64","12","3","0","2","7","7","7","23","2","0","0","",".193",".283",".336",".619",".277","","-0.4","-0.2","","0.0","3142"
"Stephen Vogt","OAK","31","131","117","23","5","0","4","12","14","12","33","1","0","0","",".197",".270",".348",".619",".272","","-0.4","-0.4","","0.0","5000"
"Miguel Cabrera","DET","44","192","175","44","6","0","4","17","22","14","44","2","0","0","",".253",".312",".363",".675",".298","","-0.1","-1.0","","-0.1","1744"
"Elier Hernandez","TEX","17","74","68","15","3","0","2","7","7","4","21","1","1","0","",".217",".266",".341",".607",".268","","-0.2","-0.1","","-0.2","13750"
"Yusniel Diaz","BAL","20","88","79","16","3","0","2","9","9","7","26","1","1","1","",".203",".270",".338",".607",".269","","-0.3","-0.3","","-0.2","18905"
