"Name","Team","GS","G","IP","W","L","SV","HLD","H","ER","HR","SO","BB","WHIP","K/9","BB/9","ERA","FIP","-1","WAR","RA9-WAR","playerid"
"Gerrit Cole","NYY","11","11","69.0","5","3","0","0","54","23","8","92","17","1.04","11.96","2.27","3.05","2.87","","1.8","1.7","13125"
"Jacob deGrom","NYM","9","9","52.0","4","2","0","0","36","14","5","73","11","0.91","12.61","1.94","2.38","2.22","","1.8","1.7","10954"
"Corbin Burnes","MIL","11","11","68.0","5","3","0","0","53","23","7","88","20","1.08","11.68","2.63","3.06","2.88","","1.7","1.8","19361"
"Zack Wheeler","PHI","12","12","74.0","5","3","0","0","66","27","7","76","18","1.14","9.30","2.14","3.36","3.20","","1.7","1.7","10310"
"Max Scherzer","NYM","11","11","69.0","5","3","0","0","54","23","9","89","16","1.01","11.60","2.12","3.07","3.05","","1.6","1.7","3137"
"Aaron Nola","PHI","12","12","72.0","5","3","0","0","63","27","9","81","17","1.10","10.18","2.07","3.44","3.31","","1.6","1.5","16149"
"Shohei Ohtani","LAA","11","11","61.0","4","3","0","0","47","21","7","80","19","1.08","11.79","2.74","3.10","2.95","","1.6","1.4","19755"
"Carlos Rodón","SFG","11","11","62.0","5","3","0","0","50","22","6","79","20","1.13","11.35","2.94","3.20","2.93","","1.5","1.4","16137"
"Kevin Gausman","TOR","12","12","68.0","5","3","0","0","59","25","8","74","16","1.10","9.84","2.06","3.34","3.19","","1.5","1.6","14107"
"Shane Bieber","CLE","11","11","69.0","4","3","0","0","62","26","8","78","17","1.15","10.15","2.26","3.37","3.18","","1.5","1.4","19427"
"Justin Verlander","HOU","11","11","69.0","5","3","0","0","56","25","10","78","14","1.02","10.18","1.84","3.32","3.50","","1.4","1.5","8700"
"Brandon Woodruff","MIL","11","11","64.0","5","3","0","0","53","23","7","76","17","1.10","10.64","2.45","3.29","3.14","","1.4","1.6","16162"
"Max Fried","ATL","11","11","67.0","5","3","0","0","61","24","6","63","16","1.16","8.45","2.15","3.24","3.21","","1.4","1.7","13743"
"Sandy Alcantara","MIA","12","12","74.0","5","4","0","0","66","28","7","73","22","1.18","8.78","2.62","3.44","3.35","","1.4","1.4","18684"
"Dylan Cease","CHW","11","11","61.0","4","3","0","0","49","24","7","78","26","1.23","11.53","3.82","3.54","3.43","","1.3","1.1","18525"
"Clayton Kershaw","LAD","11","11","61.0","5","3","0","0","53","22","8","65","12","1.08","9.60","1.84","3.24","3.32","","1.3","1.3","2036"
"Shane McClanahan","TBR","11","11","59.0","5","3","0","0","50","21","7","73","17","1.12","10.99","2.52","3.20","3.11","","1.2","1.2","21483"
"Logan Webb","SFG","12","12","67.0","4","3","0","0","66","27","6","61","19","1.25","8.15","2.48","3.58","3.34","","1.2","1.2","17995"
"Luis Castillo","SEA","11","11","64.0","4","3","0","0","57","25","6","68","23","1.24","9.49","3.18","3.48","3.46","","1.1","1.1","15689"
"Framber Valdez","HOU","11","11","67.0","5","3","0","0","61","26","5","63","26","1.30","8.53","3.49","3.44","3.54","","1.1","1.2","17295"
"Joe Musgrove","SDP","11","11","63.0","4","3","0","0","56","25","8","66","17","1.16","9.33","2.40","3.57","3.60","","1.1","1.1","12970"
"Julio Urías","LAD","11","11","63.0","5","3","0","0","57","26","9","63","15","1.14","8.92","2.16","3.64","3.72","","1.0","1.0","14765"
"Frankie Montas","NYY","10","10","58.0","4","3","0","0","53","23","7","62","17","1.19","9.62","2.55","3.60","3.58","","1.0","1.0","14309"
"Yu Darvish","SDP","11","11","63.0","4","3","0","0","56","26","8","68","16","1.15","9.73","2.35","3.75","3.64","","1.0","1.0","13074"
"Nathan Eovaldi","BOS","11","11","61.0","4","3","0","0","62","28","8","61","13","1.23","8.92","1.98","4.06","3.66","","1.0","0.8","9132"
"Alek Manoah","TOR","11","11","65.0","5","3","0","0","57","27","8","67","19","1.18","9.35","2.67","3.74","3.81","","1.0","1.2","26410"
"Lucas Giolito","CHW","11","11","61.0","4","3","0","0","52","26","9","69","20","1.19","10.19","2.97","3.83","3.81","","1.0","0.8","15474"
"Robbie Ray","SEA","11","11","64.0","4","3","0","0","52","26","10","78","22","1.15","11.01","3.04","3.67","3.75","","1.0","0.9","11486"
"Charlie Morton","ATL","10","10","58.0","4","3","0","0","51","24","6","65","20","1.21","10.02","3.08","3.64","3.58","","1.0","1.1","4676"
"Freddy Peralta","MIL","9","9","47.0","3","2","0","0","37","19","6","60","19","1.18","11.50","3.57","3.62","3.52","","0.9","1.0","18679"
"Alex Cobb","SFG","10","10","56.0","4","3","0","0","53","23","5","53","17","1.26","8.65","2.71","3.70","3.42","","0.9","0.9","6562"
"Carlos Carrasco","NYM","11","11","62.0","4","4","0","0","59","26","8","62","18","1.23","8.90","2.55","3.78","3.71","","0.9","0.8","6632"
"Patrick Sandoval","LAA","10","10","55.0","3","3","0","0","49","23","6","59","23","1.30","9.60","3.73","3.71","3.75","","0.9","0.8","19447"
"Pablo López","MIA","11","11","60.0","4","3","0","0","55","25","7","59","17","1.21","8.95","2.52","3.73","3.64","","0.9","0.9","17085"
"Tyler Mahle","MIN","11","11","62.0","4","4","0","0","57","28","8","66","22","1.29","9.62","3.23","4.11","3.96","","0.9","0.7","16358"
"Sonny Gray","MIN","11","11","56.0","4","3","0","0","51","24","6","56","20","1.25","8.91","3.15","3.80","3.77","","0.9","0.8","12768"
"Tarik Skubal","DET","10","10","56.0","4","4","0","0","51","24","7","58","17","1.23","9.39","2.77","3.81","3.78","","0.9","0.8","22267"
"Mike Clevinger","SDP","9","12","54.0","4","3","0","0","47","21","7","56","17","1.18","9.38","2.78","3.58","3.66","","0.9","0.9","12808"
"Marcus Stroman","CHC","11","11","60.0","4","3","0","0","60","26","7","51","17","1.28","7.67","2.53","3.88","3.82","","0.8","1.0","13431"
"José Berríos","TOR","12","12","69.0","4","4","0","0","66","31","10","68","18","1.21","8.81","2.33","4.07","4.01","","0.8","0.9","14168"
"Nestor Cortes","NYY","10","13","60.0","3","3","0","0","55","26","10","64","17","1.20","9.70","2.49","3.97","3.99","","0.8","0.7","17874"
"Nick Lodolo","CIN","9","9","43.0","3","2","0","0","38","18","5","50","14","1.21","10.44","2.99","3.67","3.62","","0.8","0.9","26378"
"Spencer Strider","ATL","7","18","46.0","3","2","0","0","37","17","5","60","18","1.18","11.63","3.58","3.33","3.22","","0.8","0.9","27498"
"Edwin Díaz","NYM","0","24","24.0","2","1","13","1","15","6","2","40","8","0.97","14.87","3.12","2.29","2.20","","0.8","0.8","14710"
"Blake Snell","SDP","10","10","51.0","4","3","0","0","41","21","6","63","23","1.26","11.07","4.07","3.63","3.63","","0.8","0.9","13543"
"Germán Márquez","COL","11","11","62.0","3","4","0","0","66","32","9","58","20","1.38","8.39","2.91","4.61","4.11","","0.8","0.9","15038"
"Ranger Suárez","PHI","10","10","56.0","4","3","0","0","54","24","6","50","20","1.31","7.98","3.20","3.91","3.87","","0.8","0.8","17277"
"Lance Lynn","CHW","11","11","61.0","4","3","0","0","57","27","9","61","18","1.24","9.09","2.64","4.03","4.09","","0.8","0.7","2520"
"Chris Bassitt","NYM","11","11","61.0","4","3","0","0","55","25","8","61","18","1.19","8.93","2.60","3.73","3.81","","0.8","0.8","12304"
"Zac Gallen","ARI","11","11","62.0","4","3","0","0","57","27","8","65","21","1.26","9.40","3.03","3.98","3.89","","0.8","0.9","19291"
"Alex Wood","SFG","10","10","55.0","4","3","0","0","53","23","6","55","15","1.23","8.99","2.47","3.74","3.61","","0.8","0.8","13781"
"Sean Manaea","SDP","11","11","60.0","4","3","0","0","57","26","9","60","17","1.24","8.93","2.60","3.94","3.96","","0.8","0.7","15873"
"Jordan Montgomery","STL","11","11","57.0","3","3","0","0","56","25","7","53","15","1.24","8.43","2.38","3.88","3.83","","0.7","0.7","16511"
"Luis Garcia","HOU","10","10","56.0","4","3","0","0","51","25","8","60","19","1.25","9.67","3.00","4.06","3.99","","0.7","0.6","23735"
"Corey Kluber","TBR","10","10","54.0","4","3","0","0","53","23","7","49","14","1.23","8.14","2.27","3.92","3.93","","0.7","0.6","2429"
"Brady Singer","KCR","9","9","50.0","3","3","0","0","49","22","6","48","17","1.33","8.73","3.02","4.02","3.83","","0.7","0.7","25377"
"Jameson Taillon","NYY","10","10","55.0","3","3","0","0","54","26","8","50","13","1.23","8.27","2.19","4.23","4.11","","0.7","0.4","11674"
"Noah Syndergaard","PHI","9","9","52.0","3","3","0","0","54","25","7","45","14","1.29","7.82","2.43","4.30","4.06","","0.7","0.6","11762"
"Merrill Kelly","ARI","11","11","66.0","4","4","0","0","68","32","9","55","20","1.33","7.49","2.72","4.34","4.13","","0.7","0.8","11156"
"Emmanuel Clase","CLE","0","25","25.0","2","1","12","1","20","7","2","28","6","1.08","10.34","2.32","2.57","2.48","","0.7","0.7","21032"
"Josh Hader","SDP","0","23","23.0","2","1","11","1","13","6","3","38","9","0.95","14.88","3.38","2.51","2.56","","0.7","0.7","14212"
"Liam Hendriks","CHW","0","24","24.0","2","1","11","1","18","8","3","35","6","0.97","13.00","2.14","2.82","2.65","","0.7","0.6","3548"
"Devin Williams","MIL","0","24","24.0","2","1","10","1","16","7","2","37","11","1.14","13.64","4.22","2.60","2.59","","0.7","0.7","15816"
"Cristian Javier","HOU","7","22","56.0","3","2","0","1","43","24","8","74","24","1.19","11.86","3.88","3.83","3.81","","0.7","0.5","17606"
"Miles Mikolas","STL","11","11","65.0","4","4","0","0","67","30","9","49","14","1.25","6.78","1.91","4.09","4.08","","0.7","0.7","9803"
"Aaron Ashby","MIL","8","10","44.0","3","3","0","0","38","18","5","50","20","1.32","10.32","4.06","3.69","3.65","","0.7","0.7","23550"
"Andrew Heaney","LAD","9","9","48.0","3","2","0","0","43","21","8","55","13","1.18","10.27","2.50","3.93","3.93","","0.7","0.6","15423"
"Lance McCullers Jr.","HOU","7","10","42.0","3","2","0","0","38","17","4","44","16","1.26","9.42","3.37","3.53","3.60","","0.6","0.6","14120"
"Martín Pérez","TEX","11","11","63.0","3","4","0","0","66","30","7","52","21","1.39","7.42","3.03","4.29","4.15","","0.6","0.5","6902"
"Patrick Corbin","WSN","10","10","58.0","4","4","0","0","59","27","8","53","18","1.33","8.17","2.79","4.25","4.18","","0.6","0.7","9323"
"Adam Wainwright","STL","11","11","69.0","4","4","0","0","70","32","9","55","19","1.29","7.12","2.53","4.14","4.15","","0.6","0.7","2233"
"Hunter Greene","CIN","10","10","53.0","3","4","0","0","48","26","9","61","21","1.31","10.46","3.52","4.50","4.37","","0.6","0.6","22182"
"Zack Greinke","KCR","10","10","59.0","3","4","0","0","64","29","8","41","13","1.30","6.25","1.97","4.45","4.23","","0.6","0.5","1943"
"Eduardo Rodriguez","DET","6","6","34.0","2","2","0","0","32","14","4","34","11","1.27","9.13","2.96","3.74","3.62","","0.6","0.6","13164"
"Joe Ryan","MIN","9","9","49.0","3","3","0","0","46","24","8","50","14","1.21","9.09","2.53","4.35","4.25","","0.6","0.3","21390"
"Ian Anderson","ATL","10","13","55.0","4","3","0","0","51","25","6","53","24","1.37","8.70","4.00","4.09","4.04","","0.6","0.8","19951"
"JT Brubaker","PIT","10","10","54.0","3","4","0","0","53","26","7","52","19","1.33","8.63","3.19","4.27","4.13","","0.6","0.5","17578"
"José Quintana","STL","10","10","52.0","3","3","0","0","52","24","6","47","18","1.36","8.15","3.13","4.16","3.96","","0.6","0.5","11423"
"Kyle Wright","ATL","9","9","49.0","3","3","0","0","47","22","6","46","17","1.32","8.47","3.17","4.07","3.92","","0.6","0.7","19665"
"Jeffrey Springs","TBR","8","9","43.0","3","2","0","0","39","18","6","48","14","1.23","10.07","2.89","3.86","3.71","","0.6","0.5","17677"
"Logan Gilbert","SEA","9","9","46.0","3","3","0","0","43","20","7","46","13","1.21","8.98","2.53","3.98","3.97","","0.6","0.5","22250"
"Antonio Senzatela","COL","10","10","55.0","3","3","0","0","65","30","7","36","14","1.45","5.95","2.38","4.88","4.42","","0.6","0.6","15488"
"Drew Rasmussen","TBR","9","9","48.0","3","3","0","0","45","21","5","45","17","1.29","8.50","3.16","3.94","3.85","","0.6","0.5","25385"
"Nick Pivetta","BOS","11","11","60.0","3","4","0","0","59","32","9","59","23","1.37","8.83","3.50","4.77","4.40","","0.5","0.4","15454"
"Taijuan Walker","NYM","10","13","58.0","3","3","0","0","56","26","8","51","19","1.29","7.89","2.91","4.12","4.15","","0.5","0.5","11836"
"Triston McKenzie","CLE","10","10","54.0","3","3","0","0","48","26","9","58","20","1.26","9.72","3.30","4.37","4.33","","0.5","0.4","18000"
"Tyler Anderson","LAD","11","11","60.0","4","3","0","0","61","29","10","51","15","1.25","7.57","2.19","4.32","4.43","","0.5","0.5","12880"
"Ross Stripling","TOR","9","13","50.0","3","3","0","0","51","24","7","44","13","1.28","7.78","2.33","4.28","4.16","","0.5","0.5","13273"
"DL Hall","BAL","6","6","36.0","2","2","0","0","31","16","4","40","19","1.37","9.97","4.64","3.90","4.13","","0.5","0.5","sa3005282"
"Ryan Pressly","HOU","0","23","23.0","2","1","10","1","19","7","2","28","6","1.10","10.87","2.48","2.90","2.85","","0.5","0.5","7005"
"Raisel Iglesias","ATL","0","24","24.0","2","1","1","5","20","8","3","32","6","1.07","11.80","2.38","3.11","2.99","","0.5","0.6","17130"
"Kyle Freeland","COL","10","10","56.0","3","4","0","0","64","31","8","42","18","1.47","6.79","2.93","5.00","4.63","","0.5","0.6","16256"
"Michael Kopech","CHW","9","12","49.0","3","3","0","0","44","24","7","53","22","1.37","9.76","4.13","4.41","4.33","","0.5","0.3","17282"
"Trevor Rogers","MIA","8","8","41.0","3","3","0","0","37","18","5","43","16","1.28","9.43","3.42","3.85","3.82","","0.5","0.6","22286"
"Justin Steele","CHC","9","16","52.0","3","3","0","0","49","24","6","49","24","1.40","8.54","4.09","4.13","4.17","","0.5","0.5","17312"
"Brad Keller","KCR","10","10","56.0","3","4","0","0","58","28","6","42","22","1.44","6.84","3.58","4.46","4.31","","0.5","0.5","15734"
"Roansy Contreras","PIT","8","16","49.0","3","3","0","0","47","23","7","48","18","1.34","8.83","3.40","4.31","4.21","","0.5","0.4","22810"
"Tony Gonsolin","LAD","11","11","53.0","3","3","0","0","49","24","8","53","19","1.28","9.01","3.26","4.09","4.23","","0.5","0.6","19388"
"Graham Ashcraft","CIN","9","11","52.0","3","4","0","0","56","27","7","40","18","1.42","6.96","3.12","4.60","4.44","","0.5","0.5","27552"
"Chris Sale","BOS","5","5","23.0","2","1","0","0","20","9","3","29","7","1.15","11.02","2.52","3.51","3.21","","0.5","0.4","10603"
"Dane Dunning","TEX","9","9","49.0","2","3","0","0","50","24","6","43","18","1.40","7.89","3.35","4.37","4.18","","0.5","0.3","19409"
"Josiah Gray","WSN","10","10","52.0","3","3","0","0","48","27","10","59","21","1.32","10.15","3.59","4.67","4.65","","0.5","0.4","24580"
"Kyle Gibson","PHI","10","10","56.0","3","3","0","0","58","28","8","47","20","1.37","7.50","3.15","4.55","4.49","","0.5","0.4","10123"
"Taylor Rogers","MIL","0","23","23.0","2","1","1","6","19","7","2","28","6","1.07","10.82","2.21","2.69","2.75","","0.5","0.5","13449"
"Reid Detmers","LAA","8","8","40.0","2","3","0","0","38","19","6","43","15","1.32","9.66","3.47","4.27","4.22","","0.5","0.3","27468"
"Paul Blackburn","OAK","10","10","55.0","3","4","0","0","59","27","7","42","16","1.34","6.74","2.53","4.36","4.24","","0.4","0.3","14739"
"David Bednar","PIT","0","25","25.0","1","1","11","1","20","9","3","31","9","1.16","11.31","3.15","3.31","3.11","","0.4","0.5","19569"
"Mitch Keller","PIT","9","9","48.0","3","3","0","0","50","24","6","44","20","1.44","8.15","3.65","4.46","4.25","","0.4","0.3","17594"
"Michael Lorenzen","LAA","9","12","54.0","3","4","0","0","54","27","7","45","23","1.42","7.50","3.77","4.45","4.44","","0.4","0.2","14843"
"José Urquidy","HOU","9","9","46.0","3","3","0","0","46","23","8","39","11","1.24","7.57","2.11","4.47","4.43","","0.4","0.2","18413"
"Braxton Garrett","MIA","9","13","49.0","3","3","0","0","48","22","6","46","18","1.34","8.39","3.32","4.11","4.09","","0.4","0.5","21844"
"Tyler Wells","BAL","8","8","39.0","2","3","0","0","39","21","7","34","11","1.28","7.95","2.52","4.77","4.66","","0.4","0.2","20000"
"Giovanny Gallegos","STL","0","26","26.0","2","1","4","4","21","10","3","31","8","1.10","10.79","2.61","3.43","3.33","","0.4","0.3","14986"
"Domingo Germán","NYY","9","18","55.0","3","3","0","0","53","27","10","55","16","1.26","9.00","2.61","4.49","4.40","","0.4","0.2","17149"
"JP Sears","OAK","7","9","39.0","2","3","0","0","38","18","6","37","13","1.29","8.50","2.92","4.17","4.17","","0.4","0.2","23429"
"Craig Kimbrel","LAD","0","23","23.0","2","1","13","1","17","9","3","33","10","1.17","12.79","3.83","3.32","3.21","","0.4","0.4","6655"
"Jake Odorizzi","ATL","8","13","43.0","3","3","0","0","41","20","6","39","13","1.28","8.16","2.76","4.20","4.20","","0.4","0.4","6397"
"Kenley Jansen","ATL","0","24","24.0","2","1","10","1","18","9","3","30","8","1.14","11.59","3.21","3.39","3.30","","0.4","0.4","3096"
"Eric Lauer","MIL","10","10","55.0","3","3","0","0","53","28","9","55","20","1.33","9.06","3.28","4.55","4.48","","0.4","0.4","19316"
"Andrés Muñoz","SEA","0","23","23.0","2","1","2","4","17","8","3","34","9","1.12","13.02","3.51","2.96","3.01","","0.4","0.5","20373"
"A.J. Minter","ATL","0","23","23.0","2","1","0","6","19","8","2","28","7","1.15","10.95","2.89","3.13","2.91","","0.4","0.4","18655"
"Jon Gray","TEX","5","5","28.0","2","2","0","0","26","12","4","30","10","1.28","9.68","3.19","3.95","3.78","","0.4","0.3","14916"
"Jesús Luzardo","MIA","8","15","47.0","3","3","0","0","44","22","6","51","20","1.34","9.71","3.73","4.09","4.09","","0.4","0.5","19959"
"Dylan Bundy","MIN","10","10","52.0","3","4","0","0","53","27","9","45","15","1.33","7.77","2.67","4.74","4.55","","0.4","0.2","12917"
"Mike Minor","CIN","12","12","67.0","3","5","0","0","68","37","14","62","21","1.33","8.37","2.80","4.94","4.94","","0.4","0.4","10021"
"Jakob Junis","SFG","9","19","56.0","3","4","0","0","58","28","8","50","16","1.32","8.11","2.53","4.48","4.23","","0.4","0.3","13619"
"Walker Buehler","LAD","4","4","21.0","1","1","0","0","18","8","3","21","5","1.14","9.09","2.32","3.57","3.59","","0.4","0.4","19374"
"Dean Kremer","BAL","8","10","43.0","2","3","0","0","44","23","7","38","16","1.40","7.91","3.26","4.93","4.81","","0.4","0.1","19350"
"Michael Wacha","BOS","9","9","47.0","2","3","0","0","52","26","7","39","15","1.42","7.51","2.81","4.94","4.47","","0.4","0.1","14078"
"Seranthony Domínguez","PHI","0","23","23.0","2","1","3","4","19","9","2","27","9","1.22","10.43","3.52","3.33","3.27","","0.4","0.4","19249"
"Cole Irvin","OAK","10","10","60.0","3","4","0","0","64","30","9","42","14","1.30","6.33","2.12","4.44","4.46","","0.4","0.3","19244"
"Scott Barlow","KCR","0","26","26.0","2","1","11","1","24","11","3","30","10","1.28","10.13","3.36","3.78","3.55","","0.4","0.3","14993"
"Zach Plesac","CLE","11","11","60.0","3","4","0","0","62","30","9","46","16","1.30","6.99","2.40","4.53","4.52","","0.4","0.4","19979"
"Ryan Helsley","STL","0","25","25.0","2","1","7","2","19","9","3","31","11","1.22","11.21","3.91","3.34","3.34","","0.3","0.4","18138"
"Johnny Cueto","CHW","9","9","55.0","3","3","0","0","54","26","9","41","16","1.26","6.74","2.54","4.28","4.68","","0.3","0.5","6893"
"Ryan Yarbrough","TBR","7","7","44.0","3","3","0","0","46","22","6","32","11","1.29","6.57","2.16","4.44","4.42","","0.3","0.1","16502"
"Andrew Chafin","DET","0","25","25.0","1","1","1","5","22","10","2","25","8","1.22","9.20","3.05","3.56","3.45","","0.3","0.2","12988"
"Aaron Civale","CLE","9","9","50.0","3","4","0","0","52","25","8","43","13","1.29","7.60","2.38","4.54","4.46","","0.3","0.2","19479"
"Daniel Lynch","KCR","8","8","40.0","2","3","0","0","41","21","5","36","16","1.42","7.94","3.55","4.59","4.40","","0.3","0.3","21537"
"Cal Quantrill","CLE","11","11","60.0","3","4","0","0","63","31","9","46","18","1.36","6.87","2.76","4.61","4.60","","0.3","0.3","19312"
"Kyle Bradish","BAL","8","8","37.0","2","3","0","0","37","19","6","37","15","1.39","8.81","3.71","4.66","4.55","","0.3","0.2","24586"
"Wade Miley","CHC","7","7","36.0","2","2","0","0","38","17","4","26","12","1.40","6.38","3.09","4.24","4.32","","0.3","0.5","8779"
"Chris Flexen","SEA","10","10","54.0","3","4","0","0","57","27","8","40","17","1.36","6.71","2.75","4.52","4.53","","0.3","0.2","13896"
"George Kirby","SEA","5","5","24.0","1","1","0","0","23","10","3","22","6","1.20","8.37","2.08","3.87","3.87","","0.3","0.3","25436"
"Garrett Whitlock","BOS","1","23","26.0","2","1","3","5","24","10","3","26","7","1.21","9.29","2.45","3.66","3.35","","0.3","0.2","20191"
"Clay Holmes","NYY","0","26","26.0","2","1","11","1","22","10","2","29","12","1.30","9.99","4.01","3.39","3.41","","0.3","0.3","13649"
"Paul Sewald","SEA","0","23","23.0","2","1","8","2","19","9","3","29","8","1.14","11.49","2.96","3.65","3.49","","0.3","0.2","13892"
"Jhoan Duran","MIN","0","24","24.0","2","1","3","4","20","9","2","28","9","1.21","10.69","3.30","3.38","3.34","","0.3","0.3","21029"
"Jordan Romano","TOR","0","24","24.0","2","1","11","1","19","9","3","30","9","1.18","11.10","3.40","3.40","3.45","","0.3","0.4","16122"
"Tanner Scott","MIA","0","24","24.0","2","1","5","3","18","9","2","31","13","1.34","11.94","5.09","3.30","3.36","","0.3","0.5","17586"
"Kyle Hendricks","CHC","8","8","47.0","3","3","0","0","51","24","8","35","11","1.33","6.66","2.16","4.63","4.61","","0.3","0.4","12049"
"Yusei Kikuchi","TOR","9","14","49.0","3","3","0","0","48","25","7","49","20","1.37","8.94","3.62","4.52","4.38","","0.3","0.3","20633"
"Jordan Lyles","BAL","10","10","60.0","3","5","0","0","64","34","11","48","20","1.40","7.21","2.99","5.10","5.06","","0.3","0.0","7593"
"Marco Gonzales","SEA","10","10","59.0","3","4","0","0","62","30","9","40","17","1.34","6.14","2.60","4.66","4.77","","0.3","0.1","15467"
"Madison Bumgarner","ARI","12","12","66.0","3","5","0","0","69","35","11","52","19","1.35","7.12","2.62","4.87","4.79","","0.3","0.4","5524"
"José Suarez","LAA","8","12","47.0","3","4","0","0","46","24","7","42","19","1.38","8.18","3.60","4.57","4.59","","0.3","0.2","19911"
"Rafael Montero","HOU","0","24","24.0","2","1","1","5","21","9","2","24","8","1.24","9.30","3.01","3.49","3.49","","0.3","0.3","12760"
"Drew Smyly","CHC","7","12","42.0","2","3","0","0","43","22","7","38","13","1.34","8.20","2.79","4.66","4.56","","0.3","0.3","11760"
"Zach Eflin","PHI","4","4","23.0","1","1","0","0","24","11","3","20","5","1.27","7.76","2.15","4.20","4.13","","0.3","0.3","13774"
"Evan Phillips","LAD","0","23","23.0","2","1","1","5","20","9","3","28","9","1.25","10.69","3.61","3.52","3.62","","0.3","0.2","17734"
"Luis Severino","NYY","3","8","21.0","1","1","0","0","18","8","3","23","6","1.18","10.16","2.56","3.66","3.54","","0.3","0.3","15890"
"Aníbal Sánchez","WSN","9","9","49.0","2","4","0","0","51","27","8","38","17","1.40","6.99","3.10","5.02","4.95","","0.3","0.2","3284"
"James Paxton","BOS","3","8","24.0","1","1","0","0","22","10","3","24","7","1.24","9.29","2.80","3.92","3.73","","0.3","0.3","11828"
"Glenn Otto","TEX","9","12","48.0","3","4","0","0","49","26","7","44","22","1.48","8.27","4.14","4.82","4.64","","0.3","0.0","21366"
"Rich Hill","BOS","8","14","45.0","2","3","0","0","46","24","7","39","15","1.35","7.81","3.04","4.72","4.53","","0.3","0.2","4806"
"Jason Adam","TBR","0","24","24.0","2","1","3","4","19","9","3","30","9","1.18","11.17","3.43","3.44","3.55","","0.3","0.2","11861"
"Keegan Thompson","CHC","8","16","48.0","3","3","0","0","47","24","7","44","19","1.39","8.25","3.62","4.57","4.58","","0.3","0.3","19795"
"David Robertson","PHI","0","23","23.0","1","1","7","2","20","10","3","28","10","1.28","10.99","3.94","3.83","3.58","","0.3","0.2","8241"
"Michael Pineda","DET","9","9","47.0","3","4","0","0","52","25","8","33","10","1.32","6.35","1.89","4.82","4.66","","0.3","0.1","5372"
"Zach Thompson","PIT","9","12","49.0","2","4","0","0","52","26","7","39","18","1.42","7.06","3.33","4.78","4.66","","0.3","0.2","16094"
"Nick Martinez","SDP","3","20","36.0","2","2","0","2","34","16","4","34","13","1.30","8.53","3.14","4.10","3.97","","0.3","0.2","12730"
"Brooks Raley","TBR","0","24","24.0","1","1","2","5","20","8","2","27","9","1.22","10.08","3.34","3.21","3.25","","0.3","0.3","10061"
"Austin Gomber","COL","6","17","41.0","2","3","0","0","44","22","7","37","14","1.41","8.11","3.04","4.87","4.53","","0.3","0.3","16561"
"Aaron Loup","LAA","0","25","25.0","1","1","1","5","22","10","3","26","8","1.23","9.34","2.92","3.59","3.60","","0.2","0.2","10343"
"Joe Mantiply","ARI","0","23","23.0","1","1","1","5","22","9","2","22","6","1.22","8.65","2.36","3.57","3.45","","0.2","0.3","14857"
"Félix Bautista","BAL","0","24","24.0","1","2","10","1","20","11","3","30","13","1.35","11.27","4.78","4.10","4.06","","0.2","0.1","20666"
"David Peterson","NYM","4","8","25.0","1","1","0","0","22","11","3","26","11","1.31","9.34","3.80","3.81","3.92","","0.2","0.2","20302"
"Joe Jiménez","DET","0","23","23.0","1","1","0","4","19","10","3","29","9","1.20","11.25","3.47","3.69","3.56","","0.2","0.2","15761"
"Aroldis Chapman","NYY","0","22","22.0","2","1","2","4","15","8","2","33","12","1.24","13.61","4.97","3.29","3.36","","0.2","0.2","10233"
"Matt Manning","DET","8","8","40.0","2","3","0","0","43","21","6","29","14","1.43","6.52","3.19","4.74","4.66","","0.2","0.1","20369"
"Stephen Strasburg","WSN","3","3","16.0","1","1","0","0","15","7","2","16","5","1.27","8.87","2.98","4.08","4.01","","0.2","0.2","10131"
"Héctor Neris","HOU","0","26","26.0","2","1","1","6","21","10","3","31","10","1.19","10.82","3.30","3.50","3.60","","0.2","0.2","11804"
"Kyle Finnegan","WSN","0","23","23.0","1","1","10","1","21","10","3","24","9","1.32","9.71","3.67","3.92","3.82","","0.2","0.2","15009"
"Adam Ottavino","NYM","0","24","24.0","2","1","0","5","20","10","2","30","11","1.26","10.92","4.13","3.52","3.54","","0.2","0.3","1247"
"Edward Cabrera","MIA","6","16","38.0","2","3","0","0","34","17","5","41","18","1.37","9.74","4.23","4.14","4.18","","0.2","0.3","21690"
"Brock Burke","TEX","0","24","24.0","1","1","1","4","22","10","3","25","8","1.26","9.44","2.99","3.84","3.71","","0.2","0.1","17968"
"Tanner Houck","BOS","0","24","24.0","1","1","9","2","22","10","2","26","9","1.28","9.80","3.25","3.92","3.57","","0.2","0.3","19879"
"Gregory Soto","DET","0","24","24.0","2","1","10","1","20","10","2","28","12","1.34","10.51","4.63","3.67","3.70","","0.2","0.2","19677"
"Daniel Bard","COL","0","23","23.0","2","2","9","1","21","11","3","27","11","1.40","10.60","4.46","4.17","3.98","","0.2","0.4","7115"
"Adrián Martínez","OAK","6","6","31.0","2","2","0","0","32","16","4","24","11","1.39","6.89","3.16","4.50","4.50","","0.2","0.1","21023"
"Kendall Graveman","CHW","0","24","24.0","1","1","1","5","21","10","2","24","9","1.28","9.20","3.40","3.63","3.68","","0.2","0.3","15514"
"Bailey Ober","MIN","4","4","17.0","1","1","0","0","17","8","3","16","4","1.23","8.47","2.13","4.19","4.09","","0.2","0.1","21224"
"Collin McHugh","ATL","0","23","23.0","1","1","0","5","20","9","3","25","6","1.15","9.83","2.50","3.55","3.45","","0.2","0.2","7531"
"Kris Bubic","KCR","8","10","44.0","2","3","0","0","44","23","6","38","20","1.46","7.74","4.08","4.76","4.67","","0.2","0.2","21455"
"Chris Archer","MIN","9","15","47.0","2","3","0","0","47","25","7","45","21","1.45","8.74","4.04","4.78","4.62","","0.2","0.1","6345"
"John Schreiber","BOS","0","23","23.0","1","1","1","5","22","10","2","23","8","1.30","9.09","2.99","3.86","3.63","","0.2","0.2","20020"
"Adrian Houser","MIL","5","5","28.0","2","2","0","0","28","14","3","21","11","1.43","6.88","3.61","4.50","4.46","","0.2","0.3","12718"
"Joe Kelly","CHW","0","23","23.0","1","1","0","5","19","9","2","26","11","1.31","10.23","4.40","3.44","3.44","","0.2","0.3","9761"
"Pete Fairbanks","TBR","0","23","23.0","2","1","4","3","19","9","3","29","9","1.20","11.40","3.43","3.35","3.27","","0.2","0.2","17998"
"Dustin May","LAD","2","16","21.0","1","1","0","0","17","7","2","24","6","1.11","10.43","2.57","3.05","3.04","","0.2","0.2","19716"
"Erick Fedde","WSN","8","8","40.0","2","3","0","0","43","22","6","32","17","1.48","7.11","3.75","4.94","4.83","","0.2","0.1","17425"
"Dillon Tate","BAL","0","23","23.0","1","1","1","4","23","10","2","20","7","1.29","7.55","2.75","3.85","3.91","","0.2","0.1","17796"
"Camilo Doval","SFG","0","24","24.0","2","1","12","1","20","10","2","29","12","1.33","10.93","4.59","3.58","3.53","","0.2","0.3","21992"
"Luis García","SDP","0","22","22.0","1","1","1","5","20","9","2","23","9","1.27","9.40","3.45","3.73","3.67","","0.2","0.2","6984"
"Chase Silseth","LAA","3","7","20.0","1","1","0","0","19","9","3","19","7","1.31","8.56","3.20","4.14","4.13","","0.2","0.2","30074"
"Kutter Crawford","BOS","3","15","27.0","2","2","0","0","27","14","4","27","10","1.36","8.93","3.24","4.52","4.12","","0.2","0.1","20531"
"Erik Swanson","SEA","0","23","23.0","1","1","1","5","20","10","3","25","7","1.18","9.75","2.58","3.88","3.81","","0.2","0.0","16587"
"Alex Vesia","LAD","0","23","23.0","1","1","1","6","17","9","3","29","11","1.24","11.75","4.21","3.56","3.72","","0.2","0.2","25007"
"Tylor Megill","NYM","2","7","17.0","1","1","0","0","15","7","2","19","5","1.22","10.07","2.85","3.83","3.77","","0.2","0.2","21318"
"Tommy Henry","ARI","6","8","36.0","2","2","0","0","37","18","5","29","15","1.45","7.21","3.78","4.58","4.61","","0.2","0.4","sa3011673"
"Austin Voth","BAL","4","12","27.0","1","2","0","0","27","14","5","25","10","1.35","8.30","3.14","4.75","4.73","","0.2","0.1","15047"
"Jonathan Loáisiga","NYY","0","21","21.0","2","1","0","4","19","8","2","22","7","1.22","9.50","2.97","3.50","3.42","","0.2","0.1","19753"
"Bryse Wilson","PIT","8","13","45.0","2","3","0","0","50","24","7","32","13","1.40","6.38","2.62","4.87","4.80","","0.2","0.1","19990"
"James Karinchak","CLE","0","20","20.0","2","1","0","3","14","7","2","30","11","1.23","13.19","4.69","3.27","3.18","","0.2","0.1","20151"
"Sixto Sánchez","MIA","2","2","13.0","1","1","0","0","13","6","2","12","4","1.27","7.93","2.74","3.89","3.90","","0.2","0.2","19680"
"Michael Fulmer","MIN","0","23","23.0","1","1","0","6","22","10","3","23","9","1.32","8.88","3.35","3.96","3.94","","0.2","0.1","13218"
"Jesse Chavez","LAA","0","24","24.0","1","1","2","5","22","10","3","24","7","1.24","9.01","2.68","3.88","3.85","","0.2","0.1","5448"
"Ken Waldichuk","OAK","3","3","19.0","1","1","0","0","17","9","2","20","9","1.32","9.18","3.99","3.96","4.22","","0.2","0.2","sa1115814"
"Adbert Alzolay","CHC","2","13","23.0","1","1","0","0","22","11","3","23","8","1.27","8.98","3.00","4.15","4.06","","0.2","0.2","17859"
"Zach Davies","ARI","10","10","50.0","2","3","0","0","54","28","7","38","20","1.47","6.79","3.50","4.95","4.80","","0.2","0.2","13183"
"Andre Pallante","STL","5","17","37.0","2","2","0","0","39","18","4","26","14","1.44","6.28","3.44","4.31","4.29","","0.2","0.2","26108"
"Tucker Davidson","LAA","4","4","18.0","1","1","0","0","17","9","2","16","9","1.44","8.28","4.34","4.35","4.34","","0.2","0.2","19871"
"Justin Dunn","CIN","8","13","47.0","2","4","0","0","47","27","8","42","22","1.47","8.14","4.21","5.28","5.16","","0.2","0.2","19268"
"Matthew Boyd","SEA","1","12","18.0","1","1","0","0","15","7","2","20","4","1.09","9.99","2.14","3.33","3.43","","0.2","0.1","15440"
"A.J. Puk","OAK","0","23","23.0","1","1","3","4","21","9","3","24","8","1.26","9.41","3.20","3.57","3.70","","0.2","0.2","19343"
"Wandy Peralta","NYY","0","23","23.0","2","1","0","6","22","9","2","21","8","1.31","8.29","3.30","3.68","3.75","","0.2","0.2","14295"
"Shane Baz","TBR","2","2","11.0","1","1","0","0","10","5","1","13","4","1.21","9.91","2.93","3.74","3.68","","0.2","0.1","22264"
"Brett Anderson","","5","5","26.0","1","2","0","0","30","13","3","14","7","1.45","4.92","2.57","4.54","4.53","","0.1","0.2","8223"
"Scott Effross","NYY","0","24","24.0","2","1","0","5","22","10","3","23","7","1.22","8.79","2.53","3.83","3.80","","0.1","0.1","18384"
"Keegan Akin","BAL","2","22","33.0","2","2","0","3","33","16","5","31","11","1.35","8.40","3.08","4.50","4.46","","0.1","0.0","19362"
"Mark Melancon","ARI","0","24","24.0","2","2","10","1","25","10","2","18","8","1.38","6.81","3.07","3.99","3.86","","0.1","0.3","4264"
"Josh Fleming","TBR","4","6","26.0","2","2","0","0","28","12","3","18","7","1.37","6.15","2.54","4.30","4.29","","0.1","0.2","20418"
"Trevor Stephan","CLE","0","24","24.0","1","1","0","5","22","11","3","28","9","1.27","10.29","3.41","4.00","3.86","","0.1","0.0","19932"
"Adam Cimber","TOR","0","25","25.0","2","1","0","5","25","11","3","18","7","1.27","6.71","2.37","3.95","4.02","","0.1","0.2","15288"
"José Quijada","LAA","0","23","23.0","1","1","0","4","19","10","3","27","12","1.36","10.92","4.79","3.84","3.97","","0.1","0.2","19200"
"Paolo Espino","WSN","8","13","45.0","2","3","0","0","49","26","9","36","12","1.35","7.18","2.34","5.11","4.93","","0.1","0.1","8246"
"Josh Staumont","KCR","0","23","23.0","1","1","1","5","20","11","2","27","13","1.40","10.32","5.07","4.13","4.00","","0.1","0.0","18335"
"Taylor Hearn","TEX","6","17","43.0","2","3","0","0","43","23","7","41","19","1.43","8.48","4.02","4.81","4.67","","0.1","0.0","18325"
"Dallas Keuchel","TEX","6","6","30.0","1","2","0","0","37","17","4","21","11","1.61","6.15","3.30","5.21","4.59","","0.1","-0.1","9434"
"Mitch White","TOR","3","3","15.0","1","1","0","0","15","7","2","14","5","1.34","8.09","3.19","4.43","4.36","","0.1","0.1","19225"
"Spencer Howard","TEX","8","13","41.0","2","3","0","0","42","23","7","40","17","1.42","8.63","3.66","5.01","4.77","","0.1","-0.1","23252"
"Yerry De Los Santos","PIT","0","24","24.0","2","2","1","5","22","10","3","24","9","1.30","9.17","3.36","3.86","3.79","","0.1","0.2","21420"
"Joely Rodríguez","NYM","0","22","22.0","1","1","0","4","18","8","2","24","10","1.29","9.87","4.15","3.30","3.46","","0.1","0.1","11487"
"Chris Martin","LAD","0","22","22.0","1","1","0","5","21","9","3","22","4","1.11","8.88","1.53","3.56","3.62","","0.1","0.2","11847"
"Anthony Bass","TOR","0","23","23.0","2","1","0","5","21","9","3","22","8","1.25","8.88","3.02","3.70","3.70","","0.1","0.2","7982"
"Dany Jiménez","OAK","0","23","23.0","2","1","6","3","19","9","2","25","11","1.33","10.10","4.28","3.73","3.83","","0.1","0.1","21170"
"José Alvarado","PHI","0","21","21.0","1","1","0","4","16","8","2","28","13","1.39","12.05","5.72","3.43","3.55","","0.1","0.2","17780"
"John Brebbia","SFG","0","22","22.0","1","1","0","4","21","9","3","23","7","1.26","9.30","3.01","3.75","3.66","","0.1","0.1","12777"
"Mike Soroka","ATL","2","5","14.0","1","1","0","0","14","6","2","11","4","1.31","7.26","2.61","4.06","3.96","","0.1","0.1","18383"
"Garrett Hill","DET","5","14","34.0","2","2","0","0","35","18","5","28","14","1.45","7.34","3.78","4.81","4.72","","0.1","0.0","25097"
"Beau Brieske","DET","7","7","36.0","2","3","0","0","38","20","6","26","11","1.39","6.67","2.86","4.94","4.88","","0.1","0.1","26079"
"Anthony Bender","MIA","0","23","23.0","1","1","6","2","21","10","2","25","9","1.28","9.60","3.52","3.79","3.74","","0.1","0.1","19742"
"Adrian Morejon","SDP","0","19","19.0","1","1","0","4","17","8","2","23","6","1.20","10.53","3.01","3.67","3.43","","0.1","0.0","20039"
"MacKenzie Gore","WSN","3","3","14.0","1","1","0","0","13","7","2","14","7","1.42","8.86","4.32","4.38","4.40","","0.1","0.1","22201"
"Jonathan Heasley","KCR","6","6","31.0","1","2","0","0","34","18","5","24","13","1.48","6.84","3.60","5.10","4.91","","0.1","0.0","22224"
"Jack Flaherty","STL","2","2","12.0","1","1","0","0","11","5","2","13","4","1.24","9.34","3.16","3.94","4.03","","0.1","0.1","17479"
"Ryan Tepera","LAA","0","25","25.0","1","1","10","1","23","12","3","27","10","1.30","9.40","3.65","4.15","4.08","","0.1","-0.1","10291"
"Rowan Wick","CHC","0","23","23.0","1","1","12","1","21","10","3","24","10","1.35","9.27","4.02","3.90","3.92","","0.1","0.2","14646"
"Ryan Feltner","COL","3","12","25.0","1","2","0","0","28","15","4","22","10","1.48","7.66","3.48","5.22","4.84","","0.1","0.1","21446"
"Dylan Lee","ATL","0","21","21.0","1","1","0","4","19","9","3","22","6","1.19","9.36","2.60","3.73","3.62","","0.1","0.1","19996"
"Matt Strahm","BOS","0","21","21.0","1","1","0","4","20","9","3","21","5","1.22","8.99","2.26","3.97","3.66","","0.1","0.1","13799"
"Connor Overton","CIN","2","5","16.0","1","1","0","0","17","8","2","12","5","1.39","6.92","2.87","4.74","4.63","","0.1","0.1","18376"
"Cole Hamels","","3","3","19.0","1","1","0","0","20","10","3","14","7","1.41","6.95","3.27","4.67","4.64","","0.1","0.2","4972"
"Matt Bush","MIL","0","24","24.0","1","1","0","5","21","11","4","28","9","1.26","10.80","3.28","4.13","3.87","","0.1","0.1","1246"
"Manny Bañuelos","PIT","3","18","32.0","2","2","0","1","31","15","4","29","14","1.41","8.17","3.96","4.27","4.32","","0.1","0.1","5365"
"Luis Patiño","TBR","5","11","29.0","2","2","0","0","27","15","4","27","11","1.36","8.54","3.59","4.60","4.58","","0.1","0.0","22815"
"Dakota Hudson","STL","6","12","40.0","2","3","0","0","42","20","4","26","17","1.47","5.85","3.87","4.50","4.65","","0.1","0.2","19206"
"Tim Mayza","TOR","0","20","20.0","1","1","0","4","18","8","2","19","7","1.27","8.91","3.20","3.62","3.60","","0.1","0.1","15042"
"Seth Lugo","NYM","0","25","25.0","1","1","0","6","23","11","3","27","7","1.19","9.60","2.64","3.72","3.73","","0.1","0.2","12447"
"Cionel Pérez","BAL","0","22","22.0","1","1","0","5","20","10","3","23","11","1.41","9.23","4.50","4.05","4.15","","0.1","0.0","19614"
"Steven Matz","STL","2","2","9.0","1","1","0","0","9","4","1","9","3","1.26","8.55","2.59","4.02","4.01","","0.1","0.1","13361"
"Tyler Alexander","DET","2","17","26.0","1","2","0","1","28","13","4","20","7","1.30","6.88","2.29","4.38","4.38","","0.1","0.0","17735"
"Andrew Bellatti","PHI","0","21","21.0","1","1","0","3","18","9","3","25","8","1.24","10.92","3.39","3.92","3.77","","0.1","0.1","10657"
"Dylan Floro","MIA","0","22","22.0","1","1","0","4","22","9","2","18","7","1.31","7.36","2.96","3.77","3.70","","0.1","0.1","13394"
"Nate Pearson","TOR","1","11","16.0","1","1","0","0","14","7","2","17","7","1.27","9.79","3.66","3.93","4.02","","0.1","0.2","20160"
"Yonny Chirinos","TBR","3","3","17.0","1","1","0","0","17","8","2","13","5","1.33","7.00","2.63","4.44","4.43","","0.1","0.1","16401"
"Jalen Beeks","TBR","0","22","22.0","1","1","1","4","20","9","3","24","8","1.28","9.75","3.26","3.68","3.68","","0.1","0.0","17192"
"Tyler Matzek","ATL","0","22","22.0","1","1","0","4","19","9","2","25","11","1.35","10.31","4.62","3.75","3.71","","0.1","0.1","10058"
"Alex Colomé","COL","0","22","22.0","1","1","1","4","24","11","3","18","8","1.41","7.33","3.15","4.42","4.12","","0.1","0.1","6661"
"Carl Edwards Jr.","WSN","0","22","22.0","1","1","0","5","20","10","3","23","10","1.36","9.30","4.06","4.23","4.06","","0.1","0.1","13607"
"Tim Hill","SDP","0","20","20.0","1","1","0","4","20","8","2","16","6","1.27","7.02","2.71","3.60","3.81","","0.1","0.1","16814"
"Bryan Baker","BAL","0","21","21.0","1","1","0","4","19","9","2","22","10","1.39","9.53","4.46","4.11","4.11","","0.1","0.1","19804"
"Yimi Garcia","TOR","0","23","23.0","2","1","1","6","21","10","3","24","7","1.20","9.32","2.68","4.01","4.00","","0.1","0.1","12095"
"Matthew Festa","SEA","0","23","23.0","1","1","0","5","20","9","3","26","8","1.22","10.42","3.12","3.76","3.81","","0.1","0.1","19330"
"Vince Velasquez","CHW","4","12","27.0","1","2","0","0","26","15","5","28","11","1.37","9.17","3.58","4.83","4.85","","0.1","0.0","11189"
"Reiver Sanmartin","CIN","1","23","28.0","2","2","1","4","29","14","4","25","9","1.36","7.81","2.95","4.30","4.25","","0.1","0.1","19754"
"Johan Oviedo","PIT","4","16","33.0","2","2","0","0","33","17","4","30","15","1.45","7.95","4.14","4.59","4.62","","0.1","0.1","22487"
"Caleb Kilian","CHC","2","4","11.0","1","1","0","0","11","5","1","9","4","1.36","7.57","3.19","4.22","4.21","","0.1","0.1","26213"
"Julio Teheran","","8","8","47.0","2","3","0","0","50","27","8","38","20","1.48","7.20","3.88","5.23","5.20","","0.1","0.0","6797"
"Zach Logue","OAK","5","11","30.0","2","2","0","0","31","16","5","24","10","1.35","7.09","2.91","4.74","4.83","","0.1","-0.1","20231"
"Devin Smeltzer","MIN","4","11","27.0","1","2","0","0","29","15","5","20","8","1.37","6.74","2.62","4.88","4.82","","0.1","0.0","19487"
"Jackson Kowar","KCR","2","5","15.0","1","1","0","0","15","8","2","14","6","1.45","8.24","3.88","4.76","4.48","","0.1","0.0","21549"
"Colin Poche","TBR","0","24","24.0","2","2","3","5","20","11","4","29","9","1.22","10.64","3.43","4.06","4.06","","0.1","-0.1","19403"
"Austin Davis","BOS","0","22","22.0","1","1","0","5","20","10","3","24","10","1.38","9.74","4.12","4.32","4.07","","0.1","0.1","17117"
"Drew Hutchison","DET","5","5","24.0","1","2","0","0","25","13","3","18","11","1.51","6.71","3.99","4.98","4.89","","0.1","0.1","10732"
"Kyle Muller","ATL","2","10","17.0","1","1","0","0","15","8","2","18","8","1.39","9.50","4.44","4.20","4.17","","0.1","0.2","20167"
"Víctor Arano","WSN","0","20","20.0","1","1","1","4","19","9","3","21","7","1.26","9.38","3.17","3.87","3.79","","0.1","0.0","15915"
"David Phelps","TOR","0","18","18.0","1","1","0","3","16","8","2","19","8","1.32","9.24","3.81","3.76","3.68","","0.1","0.1","6316"
"Brayan Bello","BOS","2","7","17.0","1","1","0","0","17","8","2","14","7","1.44","7.53","3.61","4.61","4.38","","0.1","0.1","23920"
"Lucas Luetge","NYY","0","20","20.0","1","1","0","4","19","9","3","20","6","1.25","8.78","2.70","3.85","3.85","","0.1","0.1","8337"
"Bruce Zimmermann","BAL","3","9","21.0","1","2","0","0","23","12","4","17","6","1.40","7.09","2.67","4.99","5.00","","0.1","0.0","20370"
"Ryne Stanek","HOU","0","22","22.0","1","1","0","4","17","9","3","27","11","1.30","11.14","4.51","3.88","3.96","","0.1","0.1","15947"
"Corey Knebel","PHI","0","23","23.0","1","1","1","4","20","10","3","25","11","1.36","10.10","4.42","4.14","4.06","","0.1","0.1","15010"
"Brad Hand","PHI","0","24","24.0","2","1","1","5","22","11","3","25","10","1.32","9.33","3.74","3.99","4.20","","0.1","0.3","9111"
"Chad Kuhl","COL","10","12","50.0","2","4","0","0","56","31","9","41","23","1.57","7.40","4.12","5.62","5.27","","0.1","0.2","14975"
"Brett Martin","TEX","0","23","23.0","1","1","1","5","24","10","2","19","8","1.36","7.52","2.99","4.00","3.92","","0.1","0.1","17369"
"Hunter Brown","HOU","1","1","6.0","0","0","0","0","6","3","1","6","3","1.38","8.68","4.09","3.99","4.10","","0.1","0.1","sa3010571"
"Joan Adon","WSN","4","4","20.0","1","2","0","0","21","11","3","17","10","1.52","7.42","4.34","4.95","4.87","","0.1","0.1","22925"
"Richard Bleier","MIA","0","22","22.0","1","1","0","4","23","9","2","15","5","1.27","6.04","2.02","3.73","3.69","","0.1","0.1","7803"
"Eli Morgan","CLE","1","24","29.0","1","2","1","5","29","14","5","30","8","1.24","9.05","2.38","4.41","4.30","","0.1","0.0","20203"
"Connor Brogdon","PHI","0","17","17.0","1","1","0","1","15","7","2","18","6","1.24","9.80","3.21","3.97","3.89","","0.1","0.0","21205"
"Kyle Harrison","SFG","2","2","10.0","1","1","0","0","9","5","1","10","5","1.43","8.87","4.45","4.36","4.38","","0.1","0.1","sa3014513"
"Clarke Schmidt","NYY","1","12","17.0","1","1","0","0","17","8","2","17","7","1.40","8.69","3.90","4.25","4.26","","0.1","0.0","19899"
"Davis Martin","CHW","3","9","21.0","1","1","0","0","22","11","3","17","8","1.43","7.37","3.31","4.96","4.91","","0.1","0.0","21448"
"Alexis Díaz","CIN","0","23","23.0","1","1","6","2","19","11","3","27","12","1.41","10.74","4.90","4.28","4.24","","0.1","0.1","21132"
"Jorge López","MIN","0","24","24.0","1","2","8","2","23","11","3","24","8","1.33","9.06","3.17","4.18","4.01","","0.1","0.0","14527"
"Jake Diekman","CHW","0","23","23.0","1","1","0","6","16","9","3","31","14","1.28","11.97","5.40","3.44","4.11","","0.1","0.2","5003"
"Pierce Johnson","SDP","0","15","15.0","1","1","0","1","12","6","2","18","6","1.26","11.00","3.94","3.65","3.59","","0.1","0.1","13435"
"James Kaprielian","OAK","9","13","49.0","2","3","0","0","49","26","8","43","19","1.39","7.93","3.47","4.86","4.88","","0.1","-0.1","18331"
"Bailey Falter","PHI","1","5","10.0","0","1","0","0","10","5","2","10","3","1.25","8.68","2.33","4.46","4.45","","0.1","0.1","20070"
"Matt Harvey","BAL","1","3","7.0","0","1","0","0","8","4","1","5","2","1.34","6.49","2.39","4.68","4.69","","0.1","0.1","11713"
"Alex Lange","DET","0","23","23.0","1","2","1","5","21","11","2","24","11","1.41","9.44","4.48","4.16","4.01","","0.1","0.1","19883"
"Steven Okert","MIA","0","23","23.0","1","1","0","5","20","11","4","27","9","1.26","10.58","3.57","4.07","4.14","","0.0","0.1","13580"
"Nabil Crismatt","SDP","0","22","22.0","1","1","0","6","22","10","3","21","7","1.28","8.36","2.85","3.94","3.99","","0.0","0.0","17732"
"Ryan Pepiot","LAD","1","4","9.0","1","1","0","0","8","4","1","9","4","1.36","9.48","4.07","4.45","4.58","","0.0","0.0","26221"
"Robert Suarez","SDP","0","19","19.0","1","1","0","3","17","8","2","21","7","1.26","9.91","3.48","3.77","3.79","","0.0","0.0","30115"
"Ryan Brasier","BOS","0","17","17.0","1","1","0","2","16","7","2","17","5","1.26","8.86","2.68","3.90","3.74","","0.0","0.0","5615"
"Sam Moll","OAK","0","20","20.0","1","1","0","4","18","9","2","21","10","1.37","9.30","4.47","3.85","3.97","","0.0","0.0","14874"
"Kirby Yates","ATL","0","20","20.0","1","1","0","3","17","8","2","23","7","1.19","10.29","2.96","3.62","3.50","","0.0","0.0","9073"
"Blake Treinen","LAD","0","14","14.0","1","1","0","0","12","5","1","16","5","1.19","10.08","3.19","3.31","3.26","","0.0","0.0","12572"
"Josh Winckowski","BOS","2","5","15.0","1","1","0","0","16","8","2","10","5","1.46","6.24","3.07","4.97","4.64","","0.0","0.0","22387"
"Miguel Yajure","PIT","5","13","33.0","1","2","0","0","36","18","5","24","13","1.47","6.53","3.56","5.00","4.94","","0.0","0.0","21111"
"Dylan Coleman","KCR","0","23","23.0","1","1","0","5","20","10","2","24","12","1.42","9.70","4.78","4.15","4.09","","0.0","0.1","22276"
"Ethan Small","MIL","2","2","8.0","0","0","0","0","8","4","1","8","4","1.50","8.34","4.73","4.73","4.81","","0.0","0.0","26364"
"Josh Winder","MIN","1","10","15.0","1","1","0","0","16","8","2","12","5","1.36","7.27","2.82","4.73","4.62","","0.0","-0.1","24606"
"Zach Jackson","OAK","0","23","23.0","1","1","2","4","19","10","2","25","13","1.43","10.03","5.26","4.00","4.05","","0.0","0.0","19493"
"Cody Morris","CLE","1","5","8.0","0","0","0","0","7","3","1","8","3","1.25","9.08","3.08","3.89","3.92","","0.0","0.0","sa3008653"
"Caleb Ferguson","LAD","0","18","18.0","1","1","0","3","15","7","2","22","8","1.24","11.19","3.81","3.53","3.63","","0.0","0.0","19349"
"Diego Castillo","SEA","0","19","19.0","1","1","1","3","17","8","2","20","8","1.31","9.39","3.92","3.78","3.94","","0.0","0.0","17496"
"Tommy Hunter","NYM","0","15","15.0","1","1","0","1","14","6","2","14","4","1.17","8.12","2.29","3.62","3.76","","0.0","0.0","1157"
"Brandon Williamson","CIN","4","4","20.0","1","2","0","0","20","11","3","17","10","1.49","7.71","4.26","5.08","5.21","","0.0","0.1","sa3011494"
"Connor Seabold","BOS","2","2","11.0","1","1","0","0","12","7","2","9","4","1.41","7.36","3.05","5.20","4.86","","0.0","0.0","19695"
"Ryne Nelson","ARI","1","1","7.0","0","0","0","0","7","3","1","6","2","1.37","7.74","3.32","4.65","4.58","","0.0","0.0","sa3011524"
"Matt Brash","SEA","1","15","18.0","1","1","0","1","15","8","2","19","9","1.36","9.64","4.41","3.98","4.08","","0.0","0.1","25756"
"Jared Koenig","OAK","2","9","20.0","1","1","0","0","20","10","3","14","7","1.38","6.36","3.13","4.44","4.67","","0.0","0.0","27517"
"Cade Cavalli","WSN","1","1","6.0","0","0","0","0","6","3","1","6","3","1.42","7.90","4.06","4.57","4.69","","0.0","0.0","sa3014421"
"Chris Stratton","STL","0","19","19.0","1","1","0","4","18","9","2","18","7","1.29","8.51","3.11","4.03","3.95","","0.0","0.0","13761"
"Ryan Thompson","TBR","0","21","21.0","1","1","0","4","20","9","2","19","6","1.26","8.21","2.72","3.85","3.83","","0.0","0.0","16647"
"Peter Lambert","COL","2","5","13.0","1","1","0","0","15","7","2","10","4","1.51","6.90","3.20","5.31","4.90","","0.0","0.0","17969"
"Brusdar Graterol","LAD","0","15","15.0","1","1","0","0","14","6","1","15","5","1.22","8.55","2.75","3.36","3.48","","0.0","0.0","20367"
"Ian Kennedy","ARI","0","24","24.0","1","1","1","5","23","12","4","24","8","1.30","9.10","3.07","4.38","4.27","","0.0","0.0","6986"
"Luke Weaver","KCR","0","19","19.0","1","1","0","3","19","9","3","19","6","1.27","8.85","2.65","4.20","3.97","","0.0","0.0","16918"
"Spenser Watkins","BAL","8","8","38.0","2","3","0","0","44","24","8","26","13","1.50","6.02","3.04","5.56","5.49","","0.0","-0.2","17489"
"Aaron Bummer","CHW","0","10","10.0","1","0","0","0","8","3","1","12","4","1.24","10.36","3.87","3.03","3.13","","0.0","0.0","16258"
"Brendan McKay","TBR","1","1","3.0","0","0","0","0","3","1","0","3","1","1.25","9.27","3.07","3.88","3.93","","0.0","0.0","20186"
"Cristopher Sánchez","PHI","1","6","8.0","0","0","0","0","8","4","1","8","4","1.44","8.42","4.25","4.23","4.24","","0.0","0.0","20778"
"Amir Garrett","KCR","0","21","21.0","1","1","0","4","19","10","2","24","13","1.47","10.03","5.40","4.17","4.13","","0.0","0.0","14375"
"Enyel De Los Santos","CLE","0","17","17.0","1","1","0","1","15","8","2","19","7","1.30","10.17","3.54","4.04","3.95","","0.0","0.0","18403"
"Ben Lively","CIN","1","1","7.0","0","1","0","0","7","4","1","6","3","1.42","7.87","3.60","5.00","4.96","","0.0","0.1","14932"
"Brandon Hughes","CHC","0","24","24.0","1","1","0","5","22","11","3","26","10","1.33","9.87","3.81","4.10","4.13","","0.0","0.1","23460"
"Bryan Abreu","HOU","0","18","18.0","1","1","0","2","15","7","2","22","10","1.35","11.05","4.92","3.59","3.69","","0.0","0.0","16609"
"David Price","LAD","0","16","16.0","1","1","0","2","15","7","2","16","4","1.22","8.94","2.51","3.72","3.86","","0.0","0.0","3184"
"Jhonathan Diaz","LAA","1","1","6.0","0","0","0","0","6","3","1","5","3","1.48","7.13","3.93","4.78","4.73","","0.0","0.0","20298"
"Tyler Rogers","SFG","0","26","26.0","1","1","0","6","27","12","2","17","8","1.36","5.88","2.68","4.04","3.98","","0.0","0.0","15541"
"Caleb Thielbar","MIN","0","14","14.0","1","1","0","0","12","6","2","16","5","1.23","10.34","3.17","3.81","3.72","","0.0","0.0","10078"
"Phil Bickford","LAD","0","20","20.0","1","1","0","4","18","9","3","21","7","1.22","9.54","2.98","4.03","4.10","","0.0","0.0","18519"
"Mychal Givens","NYM","0","23","23.0","1","1","0","5","19","10","3","27","11","1.30","10.67","4.15","4.05","4.00","","0.0","0.0","10430"
"Konnor Pilkington","CLE","1","8","13.0","1","1","0","0","13","6","2","12","6","1.43","8.25","4.02","4.45","4.49","","0.0","0.0","21453"
"Hayden Wesneski","CHC","1","1","7.0","0","0","0","0","7","4","1","5","2","1.41","6.71","3.15","4.83","4.83","","0.0","0.0","sa3010617"
"Daniel Castano","MIA","1","10","15.0","1","1","0","0","17","8","2","10","5","1.37","6.07","2.62","4.47","4.52","","0.0","0.0","19805"
"Rony García","DET","2","10","19.0","1","1","0","0","20","11","4","18","7","1.39","8.16","3.24","5.04","4.95","","0.0","0.0","20430"
"José Leclerc","TEX","0","21","21.0","1","1","3","3","18","10","3","25","10","1.34","10.56","4.39","4.25","4.26","","0.0","-0.1","14524"
"Matt Barnes","BOS","0","18","18.0","1","1","0","3","16","8","2","22","9","1.36","11.03","4.50","4.11","3.85","","0.0","0.0","12863"
"Josh Taylor","BOS","0","15","15.0","1","1","0","0","14","6","2","16","6","1.30","9.58","3.59","3.72","3.68","","0.0","0.0","17359"
"Huascar Brazoban","MIA","0","19","19.0","1","1","0","2","16","7","2","20","7","1.24","9.70","3.36","3.56","3.62","","0.0","0.0","6107"
"Dinelson Lamet","MIL","0","14","14.0","1","1","0","0","12","6","2","17","6","1.26","11.00","3.66","3.80","3.75","","0.0","0.0","17186"
"Hoby Milner","MIL","0","17","17.0","1","1","0","2","16","7","2","18","5","1.21","9.32","2.42","3.62","3.71","","0.0","0.0","13346"
"Taylor Clarke","KCR","0","23","23.0","1","1","0","6","23","11","3","20","7","1.34","7.76","2.83","4.47","4.23","","0.0","0.0","17611"
"Trevor May","NYM","0","19","19.0","1","1","0","2","16","8","3","23","7","1.23","10.75","3.32","3.78","3.71","","0.0","0.0","6398"
"Drew Pomeranz","SDP","0","14","14.0","1","1","0","0","12","5","2","16","6","1.25","10.27","3.71","3.54","3.68","","0.0","0.0","11426"
"Emilio Pagán","MIN","0","20","20.0","1","1","0","4","18","10","4","25","7","1.24","10.93","3.22","4.29","4.17","","0.0","0.0","14771"
"Jovani Moran","MIN","0","19","19.0","1","1","0","3","15","8","2","23","11","1.41","11.09","5.32","3.77","3.77","","0.0","0.0","20422"
"Trevor Richards","TOR","0","15","15.0","1","1","0","1","13","7","2","18","6","1.27","10.49","3.59","4.06","4.02","","0.0","0.0","19309"
"Ian Gibaut","CIN","0","17","17.0","1","1","0","1","17","9","2","18","8","1.45","9.54","4.15","4.63","4.38","","0.0","0.0","17871"
"Angel Zerpa","KCR","1","1","3.0","0","0","0","0","3","1","0","2","1","1.42","6.69","3.23","4.58","4.41","","0.0","0.0","22717"
"Matthew Liberatore","STL","1","1","3.0","0","0","0","0","3","2","0","3","1","1.37","7.28","3.07","4.53","4.55","","0.0","0.0","22294"
"Danny Duffy","LAD","0","6","6.0","0","0","0","0","5","2","1","7","2","1.10","10.44","2.47","3.26","3.37","","0.0","0.0","3542"
"Darren O'Day","ATL","0","16","16.0","1","1","0","0","14","7","2","17","6","1.28","9.89","3.43","4.28","3.89","","0.0","0.0","3321"
"Jake Cousins","MIL","0","9","9.0","1","0","0","0","7","3","1","11","4","1.22","11.74","3.91","3.46","3.47","","0.0","0.0","21620"
"Trevor Megill","MIN","0","15","15.0","1","1","0","0","14","7","2","17","6","1.31","9.92","3.40","3.96","3.79","","0.0","0.0","17722"
"Trevor Williams","NYM","1","21","23.0","1","1","0","4","23","11","3","21","6","1.26","8.24","2.46","4.12","4.13","","0.0","-0.1","16977"
"Peter Solomon","HOU","1","1","6.0","0","0","0","0","7","3","1","5","3","1.44","6.87","3.74","4.77","4.92","","0.0","0.0","20476"
"Sean Hjelle","SFG","1","14","19.0","1","1","0","0","21","9","2","13","7","1.43","6.33","3.21","4.45","4.28","","0.0","0.0","21481"
"Ken Giles","SEA","0","14","14.0","1","1","0","0","12","6","2","17","5","1.21","10.74","3.37","3.66","3.62","","0.0","0.0","12910"
"Adrian Sampson","CHC","4","16","36.0","2","2","0","0","40","20","6","25","10","1.41","6.37","2.58","4.98","4.95","","0.0","0.1","13339"
"Cole Sulser","MIA","0","11","11.0","1","1","0","0","9","4","1","12","4","1.25","9.94","3.53","3.61","3.62","","0.0","0.0","15256"
"Reynaldo López","CHW","0","12","12.0","1","1","0","0","11","5","2","12","4","1.21","9.05","2.70","3.87","3.89","","0.0","0.0","16400"
"Dominic Leone","SFG","0","23","23.0","1","1","1","5","21","11","3","24","10","1.35","9.51","3.85","4.16","3.95","","0.0","0.1","13763"
"José Castillo","SDP","0","12","12.0","1","1","0","0","10","5","1","13","5","1.28","9.85","3.82","3.60","3.79","","0.0","0.0","17169"
"Joel Payamps","KCR","0","16","16.0","1","1","0","1","17","8","2","13","5","1.36","7.32","2.98","4.42","4.22","","0.0","0.0","14332"
"Penn Murfee","SEA","0","18","18.0","1","1","0","2","17","8","2","18","6","1.25","9.22","2.96","3.88","3.83","","0.0","0.0","25174"
"Carlos Hernández","KCR","1","9","14.0","1","1","0","0","14","8","2","11","6","1.47","7.19","4.06","4.89","4.76","","0.0","-0.1","22713"
"Will Harris","WSN","0","11","11.0","1","1","0","0","11","5","1","10","4","1.31","7.91","2.99","4.03","4.03","","0.0","0.0","3192"
"Steven Wilson","SDP","0","12","12.0","1","1","0","0","11","5","2","15","5","1.27","10.67","3.77","3.96","4.01","","0.0","0.0","20353"
"Hirokazu Sawamura","BOS","0","20","20.0","1","1","0","4","19","10","2","20","10","1.44","8.91","4.47","4.24","4.14","","0.0","0.0","27515"
"J.P. Feyereisen","TBR","0","12","12.0","1","1","0","0","10","5","1","14","6","1.30","9.87","4.10","3.85","3.90","","0.0","0.0","16610"
"Sam Coonrod","PHI","0","13","13.0","1","1","0","0","12","6","2","13","5","1.31","9.21","3.70","3.87","3.97","","0.0","0.0","17264"
"Ron Marinaccio","NYY","0","13","13.0","0","0","0","0","11","6","2","16","6","1.32","10.73","4.31","3.94","4.03","","0.0","0.0","23488"
"Kirby Snead","OAK","0","15","15.0","1","1","0","2","13","6","2","15","7","1.36","9.01","4.05","3.84","3.94","","0.0","0.0","19179"
"Forrest Whitley","HOU","1","1","3.0","0","0","0","0","3","2","0","3","1","1.43","8.03","4.07","4.65","4.72","","0.0","0.0","sa917930"
"Will Smith","HOU","0","23","23.0","1","1","0","5","20","11","4","27","10","1.27","10.63","3.78","4.10","4.20","","0.0","0.0","8048"
"Shawn Armstrong","TBR","0","18","18.0","1","1","0","2","16","8","2","20","6","1.25","9.70","3.14","3.88","3.87","","0.0","0.0","12857"
"Josh Sborz","TEX","0","15","15.0","1","1","0","0","13","7","2","17","7","1.33","10.63","4.05","4.19","3.97","","0.0","0.0","18323"
"Tyler Holton","ARI","0","10","10.0","1","1","0","0","10","5","1","9","3","1.35","7.87","3.03","4.17","3.98","","0.0","0.0","26231"
"Robert Stephenson","COL","0","21","21.0","1","1","0","4","21","11","4","22","8","1.38","9.25","3.49","4.78","4.46","","0.0","0.0","13594"
"Art Warren","CIN","0","9","9.0","1","1","0","0","8","4","1","11","4","1.32","10.67","4.08","4.10","3.98","","0.0","0.0","18251"
"Jackson Stephens","ATL","0","17","17.0","1","1","0","1","17","8","2","16","7","1.38","8.57","3.76","4.22","4.15","","0.0","0.0","14420"
"Tayler Scott","SDP","0","8","8.0","0","0","0","0","7","3","1","7","3","1.29","8.71","3.46","3.68","3.83","","0.0","0.0","13652"
"Julian Merryweather","TOR","0","7","7.0","0","0","0","0","6","3","1","6","2","1.26","8.67","2.63","3.94","3.78","","0.0","0.0","16703"
"Will Vest","DET","0","18","18.0","1","1","0","2","18","8","2","16","7","1.37","8.09","3.46","4.06","3.96","","0.0","0.0","19769"
"Jay Jackson","ATL","0","13","13.0","1","1","0","0","11","6","2","14","5","1.29","9.86","3.65","3.91","3.82","","0.0","0.0","7432"
"Cole Sands","MIN","1","12","14.0","1","1","0","0","14","7","2","13","5","1.37","8.66","3.48","4.55","4.43","","0.0","0.0","21461"
"José Cisnero","DET","0","21","21.0","1","1","0","4","20","10","2","21","10","1.42","8.71","4.38","4.26","4.31","","0.0","0.0","6399"
"Brennan Bernardino","SEA","0","13","13.0","1","1","0","0","11","5","1","13","5","1.27","9.36","3.61","3.56","3.79","","0.0","0.0","16835"
"Nick Anderson","TBR","0","17","17.0","1","1","0","2","16","8","3","17","5","1.23","8.97","2.80","4.05","4.08","","0.0","0.0","18337"
"Thomas Hatch","TOR","1","1","3.0","0","0","0","0","3","2","1","2","1","1.43","7.24","3.30","5.08","5.04","","0.0","0.0","19264"
"Duane Underwood Jr.","PIT","0","23","23.0","1","1","0","5","22","11","3","22","9","1.39","8.80","3.74","4.26","4.14","","0.0","0.0","14677"
"Jeff Brigham","MIA","0","20","20.0","1","1","0","3","18","9","3","21","8","1.30","9.51","3.81","4.15","4.25","","0.0","0.0","16631"
"José Ruiz","CHW","0","21","21.0","1","1","0","5","19","10","3","22","10","1.37","9.48","4.11","4.29","4.29","","0.0","-0.1","14552"
"Domingo Acevedo","OAK","0","22","22.0","1","1","0","5","20","10","3","22","7","1.25","8.93","2.86","4.08","4.15","","0.0","0.0","17092"
"Tommy Nance","MIA","0","8","8.0","0","0","0","0","7","3","1","8","3","1.33","9.53","3.93","3.84","3.73","","0.0","0.0","19178"
"Zack Britton","NYY","0","13","13.0","1","1","0","0","12","5","1","11","6","1.44","7.77","4.26","3.60","3.92","","0.0","0.0","3240"
"Mark Leiter Jr.","CHC","1","22","25.0","1","2","0","4","24","12","4","25","8","1.30","9.09","2.88","4.38","4.26","","0.0","0.0","15551"
"Trevor Rosenthal","MIL","0","12","12.0","1","1","0","0","10","5","1","14","6","1.36","10.67","4.74","3.98","4.04","","0.0","0.0","10745"
"Anthony Kay","TOR","1","1","6.0","0","0","0","0","6","3","1","6","3","1.49","8.24","4.38","4.90","4.95","","0.0","0.0","20387"
"Humberto Castellanos","ARI","1","4","7.0","0","0","0","0","7","4","1","5","2","1.36","6.97","2.61","4.82","4.70","","0.0","0.0","21183"
"Kent Emanuel","PHI","0","9","9.0","0","0","0","0","10","4","1","7","2","1.30","7.12","2.35","4.04","4.15","","0.0","0.0","15849"
"Zach Pop","TOR","0","16","16.0","1","1","0","2","16","7","2","14","6","1.33","7.92","3.18","3.92","3.96","","0.0","0.0","20185"
"Tyler Duffey","MIN","0","22","22.0","1","1","0","4","21","10","3","21","8","1.31","8.80","3.25","4.21","4.11","","0.0","0.0","13758"
"Jason Alexander","MIL","2","4","12.0","1","1","0","0","13","7","2","8","4","1.47","5.87","3.26","5.01","5.01","","0.0","0.0","19666"
"Tanner Rainey","WSN","0","5","5.0","0","0","0","0","4","2","1","6","3","1.38","11.94","5.19","4.25","4.16","","0.0","0.0","17610"
"Ryan Borucki","SEA","0","21","21.0","1","1","0","4","18","9","2","20","9","1.30","8.72","3.95","3.76","4.04","","0.0","0.0","16350"
"Wyatt Mills","KCR","0","17","17.0","1","1","0","2","19","9","2","16","7","1.51","8.58","3.73","4.72","4.02","","0.0","0.0","20010"
"Nick Vespi","BAL","0","17","17.0","1","1","0","2","16","8","2","17","8","1.40","8.81","3.99","4.28","4.30","","0.0","0.0","21093"
"Miguel Castro","NYY","0","7","7.0","0","0","0","0","6","3","1","8","4","1.39","10.14","4.67","4.01","3.96","","0.0","0.0","15684"
"Joel Kuhnel","CIN","0","17","17.0","1","1","0","2","17","8","3","16","6","1.34","8.38","3.10","4.35","4.30","","0.0","0.0","19995"
"Adam Oller","OAK","5","13","32.0","1","2","0","0","33","18","5","26","14","1.47","7.40","3.90","5.09","5.08","","0.0","-0.1","20132"
"Tommy Kahnle","LAD","0","4","4.0","0","0","0","0","4","2","1","6","2","1.19","11.53","3.31","3.71","3.72","","0.0","0.0","11384"
"Seth Martinez","HOU","0","11","11.0","1","1","0","0","11","5","2","11","4","1.33","8.98","3.47","4.23","4.24","","0.0","0.0","21045"
"Ryan Weathers","SDP","1","3","5.0","0","0","0","0","5","3","1","3","2","1.45","6.38","3.42","4.89","4.95","","0.0","0.0","23796"
"Justus Sheffield","SEA","1","7","9.0","1","1","0","0","9","5","1","8","4","1.45","7.69","3.84","4.41","4.48","","0.0","0.0","17285"
"Hunter Harvey","WSN","0","15","15.0","1","1","0","1","15","7","2","15","5","1.30","8.49","2.96","4.21","4.26","","0.0","0.0","15507"
"Matt Wisler","TBR","0","14","14.0","1","1","0","0","13","7","2","15","5","1.27","9.32","2.94","4.22","4.11","","0.0","0.0","12804"
"Kevin Ginkel","ARI","0","17","17.0","1","1","0","2","15","8","2","20","8","1.33","10.75","4.12","4.07","3.99","","0.0","0.0","19876"
"Luis Cessa","CIN","0","20","20.0","1","1","0","3","21","10","3","18","7","1.38","7.97","3.28","4.59","4.37","","0.0","0.0","13345"
"Lucas Gilbreath","COL","0","21","21.0","1","1","0","4","21","11","3","22","12","1.53","9.19","4.89","4.81","4.50","","0.0","0.0","21290"
"Griffin Canning","LAA","0","2","2.0","0","0","0","0","2","1","0","2","1","1.20","9.86","2.88","3.72","3.72","","0.0","0.0","19867"
"Edwin Uceta","ARI","0","8","8.0","0","0","0","0","7","4","1","8","3","1.39","9.17","3.99","4.38","4.20","","0.0","0.0","20539"
"JT Chargois","TBR","0","13","13.0","1","1","0","0","12","6","1","14","6","1.32","9.56","3.92","3.78","3.87","","0.0","0.0","13767"
"Craig Stammen","SDP","0","3","3.0","0","0","0","0","3","1","0","3","1","1.21","7.71","1.91","3.89","3.74","","0.0","0.0","7274"
"Peyton Battenfield","CLE","4","4","24.0","1","2","0","0","25","13","4","16","8","1.41","6.08","2.98","4.93","5.07","","0.0","0.0","sa3010133"
"Phoenix Sanders","TBR","0","5","5.0","0","0","0","0","5","2","1","5","2","1.25","8.69","2.86","3.76","3.77","","0.0","0.0","20541"
"Keone Kela","ARI","0","6","6.0","0","0","0","0","5","3","1","6","2","1.29","9.17","3.29","4.11","4.00","","0.0","0.0","14696"
"Justin Topa","MIL","0","11","11.0","1","1","0","0","11","5","1","9","4","1.37","7.53","3.21","4.31","4.34","","0.0","0.0","15145"
"Nick Nelson","PHI","0","20","20.0","1","1","0","2","18","9","2","21","11","1.45","9.53","4.88","4.23","4.24","","0.0","0.0","20153"
"Daniel Norris","DET","0","11","11.0","1","1","0","0","10","5","2","12","5","1.35","9.84","3.93","4.12","4.14","","0.0","0.0","13475"
"Louis Head","BAL","0","14","14.0","0","0","0","0","13","7","2","13","5","1.35","8.65","3.63","4.46","4.54","","0.0","0.0","13259"
"Andrew Nardi","MIA","0","8","8.0","0","0","0","0","7","3","1","8","3","1.32","8.99","3.85","3.78","4.00","","0.0","0.0","sa3011234"
"Peter Strzelecki","MIL","0","8","8.0","0","0","0","0","7","3","1","8","3","1.31","9.39","3.51","4.12","4.03","","0.0","0.0","21367"
"Andrew Vasquez","PHI","0","7","7.0","0","0","0","0","6","3","1","7","3","1.41","10.22","4.69","4.15","4.13","","0.0","0.0","19482"
"Joey Lucchesi","NYM","0","1","1.0","0","0","0","0","1","1","0","2","0","1.18","9.54","2.65","3.48","3.57","","0.0","0.0","19320"
"Tyler Beede","PIT","2","16","26.0","1","2","0","0","27","15","4","22","14","1.56","7.55","4.82","5.02","4.96","","0.0","0.0","16981"
"Drew Smith","NYM","0","10","10.0","1","1","0","0","9","5","2","11","4","1.27","9.80","3.37","4.16","4.23","","0.0","0.0","17755"
"Paul Fry","ARI","0","7","7.0","0","0","0","0","6","3","1","7","4","1.54","9.57","5.14","4.40","4.00","","0.0","0.0","15832"
"Garrett Richards","TEX","0","17","17.0","1","1","0","1","17","8","2","15","6","1.36","7.98","3.19","4.26","4.21","","0.0","0.0","9784"
"Stephen Ridings","NYY","0","2","2.0","0","0","0","0","2","1","0","2","1","1.27","9.92","3.52","3.77","3.84","","0.0","0.0","22358"
"Jorge Alcala","MIN","0","8","8.0","0","0","0","0","8","4","1","8","3","1.32","9.15","3.32","4.26","4.08","","0.0","0.0","19459"
"Lou Trivino","NYY","0","18","18.0","1","1","0","2","16","8","2","19","8","1.34","9.50","3.94","4.16","4.16","","0.0","0.0","15043"
"Andrew Misiaszek","CLE","0","3","3.0","0","0","0","0","3","1","0","3","1","1.32","9.15","3.84","3.85","4.05","","0.0","0.0","sa3010118"
"Evan Lee","WSN","0","4","4.0","0","0","0","0","3","2","0","3","2","1.38","8.78","4.14","4.06","4.29","","0.0","0.0","24988"
"José Ureña","COL","4","10","28.0","1","2","0","0","36","19","5","19","12","1.72","6.24","3.78","6.26","5.29","","0.0","-0.1","11589"
"Brent Honeywell Jr.","OAK","1","8","11.0","0","1","0","0","11","5","2","9","4","1.32","7.42","3.03","4.31","4.44","","0.0","0.0","16466"
"Jeff Hoffman","CIN","0","10","10.0","0","1","0","0","10","5","2","11","5","1.42","9.81","4.34","4.59","4.48","","0.0","0.0","17432"
"Matt Foster","CHW","0","18","18.0","1","1","0","2","17","9","3","18","7","1.31","9.07","3.32","4.33","4.41","","0.0","0.0","19647"
"Denyi Reyes","BAL","0","3","3.0","0","0","0","0","3","1","0","2","1","1.26","7.02","2.20","4.45","4.63","","0.0","0.0","20526"
"Gregory Santos","SFG","0","14","14.0","1","1","0","0","13","7","2","13","6","1.42","8.55","4.13","4.39","4.17","","0.0","0.0","21894"
"Rico Garcia","BAL","0","5","5.0","0","0","0","0","5","2","1","5","2","1.31","8.28","3.37","4.23","4.68","","0.0","0.0","20023"
"Jay Groome","SDP","0","1","1.0","0","0","0","0","1","1","0","1","1","1.32","8.43","3.63","3.88","4.16","","0.0","0.0","sa917925"
"A.J. Alexy","TEX","1","15","20.0","1","1","0","0","19","11","3","18","10","1.49","8.20","4.68","4.90","4.82","","0.0","-0.1","22343"
"Garrett Acton","OAK","0","3","3.0","0","0","0","0","3","1","0","3","1","1.29","9.18","3.61","3.93","4.04","","0.0","0.0","sa3014787"
"Hobie Harris","MIL","0","0","0.0","0","0","0","0","0","0","0","0","0","0.00","0.00","0.00","0.00","3.12","","0.0","0.0","sa876068"
"Max Castillo","KCR","2","7","14.0","1","1","0","0","15","8","2","11","5","1.44","6.83","3.26","5.01","4.90","","0.0","0.0","21956"
"Michael Feliz","MIN","0","4","4.0","0","0","0","0","4","2","1","4","2","1.37","9.21","3.63","4.67","4.36","","0.0","0.0","11903"
"Brent Suter","MIL","0","20","20.0","1","1","0","3","20","9","3","16","6","1.31","7.54","2.73","4.07","4.17","","0.0","0.0","13942"
"Tanner Banks","CHW","0","15","15.0","1","1","0","1","16","7","2","12","4","1.30","7.31","2.48","4.20","4.22","","0.0","0.0","16990"
"Tommy Romero","TBR","0","4","4.0","0","0","0","0","4","2","1","4","1","1.28","8.94","3.17","4.21","4.24","","0.0","0.0","23465"
"Mike Baumann","BAL","0","10","10.0","0","1","0","0","10","5","1","9","5","1.46","7.86","4.16","4.72","4.67","","0.0","0.0","20206"
"J.B. Wendelken","ARI","0","1","1.0","0","0","0","0","1","1","0","1","1","1.43","8.30","4.04","4.62","4.44","","0.0","0.0","14506"
"Justin Bruihl","LAD","0","7","7.0","0","0","0","0","7","3","1","6","3","1.34","7.70","3.26","4.09","4.31","","0.0","0.0","23779"
"Adam Kolarek","OAK","0","1","1.0","0","0","0","0","1","0","0","1","0","1.42","5.59","3.29","4.10","4.27","","0.0","0.0","10843"
"Anthony Banda","TOR","0","1","1.0","0","0","0","0","1","1","0","1","1","1.35","8.19","3.26","4.42","4.48","","0.0","0.0","14706"
"Alexander Wells","BAL","0","1","1.0","0","0","0","0","2","1","0","1","0","1.35","6.73","2.21","4.97","4.99","","0.0","0.0","19845"
"Tony Santillan","CIN","0","4","4.0","0","0","0","0","4","2","1","5","2","1.40","10.07","4.43","4.50","4.46","","0.0","0.0","19926"
"Trevor Gott","MIL","0","22","22.0","1","1","0","4","20","11","3","24","8","1.28","9.77","3.17","4.34","4.24","","0.0","0.0","15046"
"Archie Bradley","LAA","0","5","5.0","0","0","0","0","5","3","1","5","2","1.41","7.78","3.60","4.32","4.36","","0.0","0.0","12918"
"Drew VerHagen","STL","0","9","9.0","0","0","0","0","9","4","1","8","3","1.35","7.90","3.39","4.21","4.29","","0.0","0.0","13424"
"Luis Perdomo","MIL","0","7","7.0","0","0","0","0","7","3","1","5","2","1.39","7.00","2.94","4.27","4.25","","0.0","0.0","14682"
"Dusten Knight","TBR","0","1","1.0","0","0","0","0","1","1","0","1","0","1.42","8.32","3.87","4.59","4.57","","0.0","0.0","16537"
"Spencer Patton","TEX","0","3","3.0","0","0","0","0","3","1","0","3","1","1.37","8.83","3.72","4.49","4.39","","0.0","0.0","12361"
"Gabe Speier","KCR","0","6","6.0","0","0","0","0","7","3","1","6","2","1.38","7.89","3.32","4.36","4.18","","0.0","0.0","17170"
"Ty Blach","COL","1","16","18.0","1","1","0","2","23","11","3","11","5","1.54","5.64","2.70","5.54","4.86","","0.0","0.0","14361"
"Davis Daniel","LAA","0","4","4.0","0","0","0","0","4","2","1","4","1","1.28","8.05","2.68","4.33","4.38","","0.0","0.0","sa3015037"
"Chris Mazza","SEA","0","4","4.0","0","0","0","0","4","2","1","4","1","1.34","7.97","3.19","4.31","4.38","","0.0","0.0","14151"
"William Woods","ATL","0","6","6.0","0","0","0","0","6","3","1","7","3","1.37","9.13","4.00","4.16","4.13","","0.0","0.0","25075"
"Michael Kelly","PHI","0","2","2.0","0","0","0","0","2","1","0","2","1","1.48","8.84","4.45","4.95","4.81","","0.0","0.0","12791"
"Norge Ruiz","OAK","0","1","1.0","0","0","0","0","1","1","0","1","1","1.42","6.69","3.49","4.45","4.58","","0.0","0.0","sa817357"
"Yoan López","NYM","0","12","12.0","1","1","0","0","12","6","2","12","5","1.32","8.46","3.51","4.05","4.28","","0.0","0.0","17181"
"Janson Junk","LAA","5","12","31.0","1","2","0","0","34","18","5","24","12","1.47","6.98","3.40","5.17","5.09","","0.0","-0.1","23301"
"Luis Frías","ARI","0","4","4.0","0","0","0","0","4","2","1","4","2","1.39","8.75","4.02","4.31","4.18","","0.0","0.0","21997"
"Jandel Gustave","MIL","0","4","4.0","0","0","0","0","4","2","1","4","2","1.35","8.27","3.38","4.46","4.38","","0.0","0.0","14665"
"Danny Young","SEA","0","4","4.0","0","0","0","0","3","2","0","3","2","1.38","8.03","3.92","3.84","4.16","","0.0","0.0","18439"
"Ryan Weiss","KCR","0","2","2.0","0","0","0","0","2","1","0","2","1","1.43","6.72","3.46","4.64","4.58","","0.0","0.0","sa3007778"
"Josh James","HOU","0","3","3.0","0","0","0","0","3","1","0","3","1","1.41","8.98","4.46","4.43","4.59","","0.0","0.0","16794"
"Freddy Pacheco","STL","0","1","1.0","0","0","0","0","1","1","0","1","1","1.49","8.94","5.23","4.58","4.79","","0.0","0.0","sa3006164"
"Jake McGee","MIL","0","15","15.0","1","1","0","1","15","7","3","14","4","1.22","8.13","2.43","4.25","4.40","","0.0","0.0","7550"
"Drew Steckenrider","SEA","0","5","5.0","0","0","0","0","5","3","1","5","2","1.30","7.72","3.02","4.36","4.47","","0.0","0.0","18806"
"Ben Leeper","CHC","0","4","4.0","0","0","0","0","4","2","1","4","2","1.37","8.89","3.94","4.43","4.47","","0.0","0.0","sa3014907"
"Javy Guerra","TBR","0","4","4.0","0","0","0","0","4","2","0","3","2","1.41","8.05","3.77","4.63","4.43","","0.0","0.0","17292"
"Francisco Perez","WSN","0","6","6.0","0","0","0","0","5","3","1","6","3","1.43","9.47","4.65","4.42","4.39","","0.0","0.0","21018"
"Rafael Dolis","CHW","0","4","4.0","0","0","0","0","3","2","0","4","2","1.44","8.73","4.55","4.43","4.58","","0.0","0.0","4185"
"Mitchell Stumpo","ARI","0","3","3.0","0","0","0","0","3","1","0","3","1","1.47","8.06","4.36","4.51","4.46","","0.0","0.0","sa3011585"
"Joey Wentz","DET","1","1","5.0","0","0","0","0","6","3","1","5","3","1.53","7.53","4.46","5.13","5.15","","0.0","0.0","19962"
"José Álvarez","SFG","0","6","6.0","0","0","0","0","6","3","1","5","2","1.41","7.15","3.45","4.29","4.24","","0.0","0.0","5358"
"Derek Law","DET","0","10","10.0","0","1","0","0","10","5","1","9","4","1.42","8.57","3.92","4.43","4.25","","0.0","0.0","13133"
"Darwinzon Hernandez","BOS","0","14","14.0","1","1","0","0","11","6","2","19","9","1.42","11.91","5.52","4.14","4.12","","0.0","0.0","19848"
"Yunior Marte","SFG","0","21","21.0","1","1","0","4","20","10","2","20","9","1.39","8.44","3.93","4.10","4.00","","0.0","0.0","14416"
"Sean Newcomb","CHC","0","8","8.0","0","0","0","0","7","4","1","8","4","1.38","9.35","4.35","4.27","4.35","","0.0","0.0","16943"
"Yency Almonte","LAD","0","21","21.0","1","1","0","5","19","10","3","22","9","1.36","9.35","3.97","4.13","4.21","","0.0","0.0","15068"
"Jefry Rodriguez","WSN","0","3","3.0","0","0","0","0","3","1","0","2","1","1.44","7.68","4.14","4.50","4.68","","0.0","0.0","17018"
"Sam Howard","DET","0","3","3.0","0","0","0","0","3","1","0","3","2","1.46","10.26","5.04","4.57","4.68","","0.0","0.0","16265"
"J.B. Bukauskas","ARI","0","5","5.0","0","0","0","0","5","2","1","5","2","1.42","8.11","3.94","4.36","4.30","","0.0","0.0","20491"
"Jacob Barnes","DET","0","5","5.0","0","0","0","0","5","2","1","4","2","1.43","7.79","3.66","4.55","4.45","","0.0","0.0","12323"
"Demarcus Evans","TEX","0","2","2.0","0","0","0","0","2","1","0","2","1","1.49","9.46","5.15","4.75","4.83","","0.0","0.0","21087"
"Andre Jackson","LAD","0","4","4.0","0","0","0","0","3","2","1","3","2","1.41","8.14","4.25","4.39","4.67","","0.0","0.0","21298"
"Matt Cronin","WSN","0","4","4.0","0","0","0","0","4","2","1","4","2","1.43","9.07","4.61","4.43","4.64","","0.0","0.0","sa3011463"
"Kervin Castro","CHC","0","12","12.0","1","1","0","0","12","6","1","11","6","1.44","8.36","4.24","4.51","4.42","","0.0","0.0","21656"
"Miguel Sánchez","MIL","0","3","3.0","0","0","0","0","3","2","0","3","1","1.46","8.04","4.00","4.87","4.89","","0.0","0.0","20074"
"Packy Naughton","STL","0","18","18.0","1","1","0","2","19","8","2","14","5","1.31","7.04","2.59","4.15","4.13","","0.0","0.0","23292"
"Frank German","BOS","0","4","4.0","0","0","0","0","4","2","0","3","1","1.43","7.70","3.66","4.69","4.51","","0.0","0.0","sa3007729"
"Dylan File","MIL","1","1","3.0","0","0","0","0","4","2","1","2","1","1.43","5.76","2.76","5.25","5.31","","0.0","0.0","sa3004197"
"Anthony Misiewicz","KCR","0","9","9.0","1","1","0","0","10","5","1","8","3","1.35","7.83","2.93","4.44","4.33","","0.0","0.0","18152"
"Kodi Whitley","STL","0","3","3.0","0","0","0","0","3","1","0","3","1","1.41","8.65","4.14","4.50","4.55","","0.0","0.0","19731"
"Chad Smith","COL","0","5","5.0","0","0","0","0","5","3","1","4","3","1.61","8.35","5.24","5.08","4.68","","0.0","0.0","20190"
"Blake Taylor","HOU","0","4","4.0","0","0","0","0","4","2","1","4","2","1.51","7.76","4.90","4.62","4.77","","0.0","0.0","16418"
"John King","TEX","0","16","16.0","1","1","0","0","17","8","2","13","6","1.38","7.37","3.14","4.22","4.16","","0.0","0.0","22051"
"Cam Sanders","CHC","0","4","4.0","0","0","0","0","4","2","0","3","2","1.44","8.45","4.43","4.56","4.65","","0.0","0.0","sa3008067"
"Jake Fishman","MIA","0","4","4.0","0","0","0","0","4","2","0","3","1","1.37","6.87","3.11","4.37","4.41","","0.0","0.0","20060"
"Kaleb Ort","BOS","0","10","10.0","0","0","0","0","9","5","1","10","5","1.49","9.38","4.82","4.84","4.52","","0.0","0.0","20061"
"Ronel Blanco","HOU","0","6","6.0","0","0","0","0","5","3","1","6","3","1.38","9.51","4.20","4.33","4.36","","0.0","0.0","19407"
"Jose Cuas","KCR","0","12","12.0","1","1","0","0","12","6","1","10","6","1.46","7.73","4.33","4.38","4.38","","0.0","0.0","17701"
"Austin Pruitt","OAK","0","18","18.0","1","1","0","3","19","9","3","14","4","1.28","7.02","2.14","4.32","4.22","","0.0","-0.1","15290"
"Sam Clay","NYM","0","4","4.0","0","0","0","0","4","2","0","4","2","1.49","7.24","4.28","4.34","4.44","","0.0","0.0","16279"
"Sam Long","SFG","2","21","30.0","1","2","0","2","30","15","4","27","11","1.37","8.26","3.42","4.55","4.46","","0.0","0.0","25379"
"Juan Minaya","MIN","0","5","5.0","0","0","0","0","5","3","1","5","2","1.42","8.73","4.25","4.46","4.54","","0.0","0.0","10341"
"Jake Walsh","STL","0","5","5.0","0","0","0","0","4","2","1","5","2","1.37","8.91","3.78","4.38","4.34","","0.0","0.0","20227"
"Bennett Sousa","CHW","0","12","12.0","1","1","0","0","12","6","2","11","5","1.38","8.21","3.57","4.42","4.46","","0.0","0.0","21345"
"Parker Mushinski","HOU","0","8","8.0","0","0","0","0","8","4","1","8","4","1.39","8.62","4.00","4.20","4.32","","0.0","0.0","21324"
"Ray Kerr","SDP","0","3","3.0","0","0","0","0","3","2","0","3","2","1.53","8.65","5.16","4.66","4.73","","0.0","0.0","23809"
"Michael Stryffeler","SFG","0","6","6.0","0","0","0","0","6","3","1","7","4","1.46","9.54","4.98","4.43","4.34","","0.0","0.0","sa3010005"
"Zack Thompson","STL","0","17","17.0","1","1","0","2","16","8","2","16","7","1.33","8.29","3.49","3.90","4.08","","0.0","0.0","25918"
"Chaz Roe","","0","10","10.0","0","1","0","0","9","5","1","10","4","1.37","8.57","3.81","4.21","4.19","","0.0","0.0","9866"
"Trent Thornton","TOR","0","15","15.0","1","1","0","0","15","8","2","14","5","1.37","8.41","3.26","4.60","4.52","","0.0","0.0","17948"
"Yoan Aybar","CHW","0","2","2.0","0","0","0","0","2","1","0","2","1","1.62","7.89","5.78","5.07","5.44","","0.0","0.0","sa829086"
"Roenis Elías","SEA","0","5","5.0","0","0","0","0","5","2","1","4","2","1.35","7.31","3.31","4.20","4.45","","0.0","0.0","12673"
"Anthony Gose","CLE","0","12","12.0","1","1","0","0","10","6","2","15","7","1.47","11.68","5.78","4.61","4.42","","0.0","0.0","5097"
"Matt Gage","TOR","0","11","11.0","1","1","0","0","11","5","2","10","4","1.34","8.37","3.19","4.34","4.34","","0.0","0.0","17381"
"Travis Lakins Sr.","BAL","0","4","4.0","0","0","0","0","4","2","1","4","2","1.49","7.88","4.26","4.91","5.01","","0.0","0.0","18600"
"Matt Swarmer","CHC","0","3","3.0","0","0","0","0","3","2","1","3","1","1.39","8.16","3.13","5.08","5.03","","0.0","0.0","19705"
"Jared Solomon","CIN","0","7","7.0","0","0","0","0","7","4","1","7","4","1.50","8.28","4.59","4.92","4.95","","0.0","0.0","23425"
"Logan Gillaspie","BAL","0","15","15.0","1","1","0","0","16","8","2","11","5","1.39","6.67","3.00","4.62","4.66","","0.0","0.0","22461"
"Calvin Faucher","TBR","0","4","4.0","0","0","0","0","4","2","1","4","2","1.48","8.60","4.69","4.54","4.56","","0.0","0.0","20116"
"Graham Spraker","TOR","0","4","4.0","0","0","0","0","4","2","1","4","2","1.42","8.07","4.16","4.60","4.79","","0.0","0.0","sa3004024"
"Cody Poteet","MIA","0","5","5.0","0","0","0","0","5","3","1","4","2","1.37","7.88","3.41","4.66","4.58","","0.0","0.0","18769"
"Michel Baez","SDP","0","11","11.0","1","1","0","0","10","5","1","11","5","1.40","8.85","4.28","4.13","4.29","","0.0","0.0","20100"
"Brandon Bielak","HOU","0","6","6.0","0","0","0","0","6","3","1","6","3","1.38","8.36","3.63","4.45","4.51","","0.0","0.0","19866"
"Nick Mikolajchak","CLE","0","5","5.0","0","0","0","0","5","3","1","5","2","1.39","8.29","3.83","4.58","4.64","","0.0","0.0","sa3010303"
"Jordan Sheffield","COL","0","4","4.0","0","0","0","0","4","3","1","4","2","1.64","7.78","5.37","5.64","5.35","","0.0","0.0","19682"
"Cayne Ueckert","CHC","0","4","4.0","0","0","0","0","4","2","1","4","3","1.57","8.22","5.42","4.86","4.93","","0.0","0.0","sa3010789"
"Wily Peralta","DET","0","12","12.0","0","1","0","0","12","6","1","10","5","1.45","7.28","4.09","4.44","4.47","","0.0","0.0","7738"
"Yennier Cano","BAL","0","16","16.0","1","1","0","1","15","8","2","15","8","1.50","8.44","4.73","4.60","4.58","","0.0","0.0","25911"
"Stephen Nogosek","NYM","0","8","8.0","0","0","0","0","8","4","1","9","3","1.37","9.61","3.91","4.57","4.44","","0.0","0.0","19545"
"Jordan Hicks","STL","0","22","22.0","1","1","2","4","19","9","2","23","13","1.42","9.59","5.17","3.91","4.07","","0.0","0.1","19618"
"Angel De Jesus","DET","0","6","6.0","0","0","0","0","6","3","1","6","3","1.49","8.18","4.57","4.75","4.72","","0.0","0.0","22323"
"Tayler Saucedo","TOR","0","6","6.0","0","0","0","0","6","3","1","5","2","1.42","7.67","3.62","4.71","4.75","","0.0","0.0","17888"
"Kyle Crick","CHW","0","7","7.0","0","0","0","0","6","3","1","7","4","1.46","9.57","5.20","4.36","4.67","","0.0","0.0","13182"
"Garrett Cleavinger","TBR","0","9","9.0","1","1","0","0","7","4","1","11","5","1.40","11.22","5.32","4.11","4.21","","0.0","0.0","17897"
"Sean Poppen","ARI","0","11","11.0","1","1","0","0","11","6","1","10","5","1.45","8.10","3.81","4.56","4.32","","0.0","0.0","19583"
"Trevor Kelley","MIL","0","4","4.0","0","0","0","0","4","2","1","3","1","1.43","8.53","3.68","5.13","5.08","","0.0","0.0","18454"
"Ryan Hendrix","CIN","0","9","9.0","0","1","0","0","8","5","1","9","5","1.52","9.43","5.03","4.76","4.65","","0.0","0.0","19535"
"Phillip Diehl","NYM","0","4","4.0","0","0","0","0","4","2","1","4","1","1.34","9.38","3.23","4.65","4.73","","0.0","0.0","20030"
"Adonis Medina","NYM","0","7","7.0","0","0","0","0","7","4","1","5","3","1.36","6.69","3.35","4.41","4.71","","0.0","0.0","19903"
"Reyes Moronta","LAD","0","10","10.0","0","1","0","0","9","5","1","10","6","1.43","9.26","4.90","4.47","4.69","","0.0","0.0","14966"
"Mason Thompson","WSN","0","13","13.0","1","1","0","0","14","7","2","12","6","1.50","7.84","4.31","4.64","4.66","","0.0","0.0","21850"
"Reed Garrett","WSN","0","8","8.0","0","0","0","0","9","4","1","7","4","1.48","7.31","4.27","4.66","4.80","","0.0","0.0","16866"
"Mauricio Llovera","SFG","0","9","9.0","0","0","0","0","8","4","1","8","4","1.42","8.60","3.95","4.69","4.51","","0.0","0.0","20080"
"Dennis Santana","TEX","0","18","18.0","1","1","0","2","17","9","2","17","9","1.45","8.60","4.41","4.48","4.33","","0.0","0.0","17878"
"Nick Sandlin","CLE","0","17","17.0","1","1","0","2","15","8","2","19","10","1.46","9.78","5.33","4.20","4.34","","0.0","0.0","20517"
"Elvis Peguero","LAA","0","8","8.0","0","1","0","0","8","4","1","7","3","1.43","7.43","3.45","4.71","4.62","","0.0","0.0","21652"
"Reiss Knehr","SDP","1","6","10.0","1","1","0","0","10","6","1","8","5","1.51","7.12","4.41","4.96","5.04","","0.0","0.0","21541"
"Colin Holderman","PIT","0","22","22.0","1","2","0","4","23","12","2","19","11","1.55","7.92","4.46","4.76","4.29","","0.0","-0.1","22361"
"Jimmy Herget","LAA","0","22","22.0","1","1","0","4","21","11","3","22","8","1.33","8.86","3.39","4.34","4.32","","0.0","0.0","17556"
"Hunter Stratton","PIT","0","9","9.0","0","1","0","0","9","5","1","9","5","1.44","8.95","4.82","4.39","4.54","","0.0","0.0","sa3004216"
"Tyler Thornburg","MIN","0","6","6.0","0","0","0","0","6","3","1","5","3","1.48","7.92","4.31","4.97","5.00","","0.0","0.0","10688"
"Tyler Clippard","WSN","0","6","6.0","0","0","0","0","6","3","1","6","2","1.29","8.52","3.01","4.70","4.85","","0.0","0.0","5640"
"JoJo Romero","STL","0","4","4.0","0","0","0","0","5","2","1","4","2","1.46","7.45","3.70","4.88","4.87","","0.0","0.0","19574"
"Jason Foley","DET","0","19","19.0","1","1","0","3","20","9","2","14","8","1.43","6.61","3.56","4.26","4.24","","0.0","0.0","19531"
"Dillon Peters","PIT","1","21","23.0","1","2","0","4","24","12","3","20","8","1.39","7.76","3.21","4.59","4.45","","0.0","-0.1","18790"
"Enoli Paredes","HOU","0","7","7.0","0","0","0","0","6","4","1","8","4","1.51","10.02","5.73","4.61","4.70","","0.0","0.0","20447"
"Kenny Rosenberg","LAA","0","6","6.0","0","0","0","0","6","3","1","5","3","1.47","8.15","4.19","4.88","4.86","","0.0","0.0","20009"
"Justin Lawrence","COL","0","13","13.0","1","1","0","0","13","7","1","13","8","1.63","8.84","5.71","5.08","4.69","","0.0","0.0","17639"
"Jaime Barría","LAA","1","18","21.0","1","1","0","2","23","11","4","16","5","1.36","6.82","2.33","4.94","4.87","","0.0","-0.1","18356"
"Oliver Ortega","LAA","0","10","10.0","0","1","0","0","10","5","1","9","5","1.48","8.31","4.49","4.63","4.64","","0.0","0.0","21025"
"Keynan Middleton","ARI","0","15","15.0","1","1","0","1","15","8","2","15","7","1.39","8.99","3.98","4.55","4.31","","0.0","0.0","15264"
"Parker Dunshee","OAK","0","5","5.0","0","0","0","0","5","3","1","4","2","1.37","6.81","3.09","4.70","4.87","","0.0","0.0","sa873274"
"Jake Reed","LAD","0","9","9.0","0","0","0","0","9","5","1","8","4","1.43","8.65","3.74","4.86","4.79","","0.0","0.0","16209"
"Anderson Severino","CHW","0","4","4.0","0","0","0","0","4","2","1","4","3","1.68","8.98","6.58","4.97","5.34","","0.0","0.0","20582"
"Cory Abbott","WSN","0","10","10.0","0","1","0","0","10","5","2","10","4","1.42","8.97","4.04","4.76","4.77","","0.0","0.0","20277"
"Beau Sulser","BAL","0","11","11.0","0","1","0","0","12","6","2","8","4","1.44","6.52","3.16","5.06","5.08","","0.0","0.0","23420"
"Casey Lawrence","TOR","0","9","9.0","0","1","0","0","9","5","2","7","2","1.30","7.14","2.01","4.76","4.59","","0.0","0.0","11121"
"Junior Fernández","STL","0","16","16.0","1","1","0","0","15","8","2","15","8","1.44","8.19","4.34","4.33","4.39","","0.0","0.0","18496"
"Robert Dugger","CIN","3","3","15.0","1","1","0","0","18","10","3","12","6","1.56","7.20","3.49","5.96","5.47","","0.0","-0.1","19191"
"Phil Maton","HOU","0","20","20.0","1","1","0","3","18","9","3","21","8","1.31","9.57","3.51","4.15","4.22","","0.0","0.0","18064"
"Nick Snyder","TEX","0","12","12.0","0","1","0","0","12","6","2","12","6","1.51","8.73","4.83","4.78","4.77","","0.0","0.0","23493"
"Jeremy Beasley","PIT","0","13","13.0","1","1","0","0","13","7","2","13","6","1.40","9.02","3.98","4.58","4.61","","0.0","0.0","20205"
"Steve Cishek","WSN","0","21","21.0","1","1","0","4","20","10","2","20","10","1.39","8.71","4.17","4.20","4.45","","0.0","0.0","6483"
"Carlos Espinal","NYY","0","8","8.0","0","0","0","0","8","4","1","7","4","1.46","7.57","4.17","4.64","4.83","","0.0","0.0","sa872567"
"Ashton Goudeau","COL","0","7","7.0","0","0","0","0","8","4","1","5","3","1.54","6.22","3.33","5.65","5.27","","0.0","0.0","15139"
"Noé Ramirez","ARI","0","23","23.0","1","1","0","5","21","11","4","23","9","1.33","9.12","3.47","4.55","4.44","","0.0","0.0","12800"
"Yohan Ramirez","PIT","0","10","10.0","0","1","0","0","10","6","1","12","7","1.61","10.26","6.02","5.10","4.91","","0.0","0.0","19444"
"Taylor Widener","ARI","1","9","12.0","0","1","0","0","12","7","2","11","5","1.44","8.72","3.95","5.06","4.95","","0.0","0.0","19266"
"Touki Toussaint","LAA","0","13","13.0","1","1","0","0","12","7","2","14","7","1.43","9.30","4.55","4.58","4.74","","0.0","0.0","16929"
"Sam Selman","OAK","0","14","14.0","0","1","0","1","13","7","2","14","7","1.36","9.09","4.23","4.35","4.50","","0.0","0.0","13397"
"Austin Warren","LAA","0","16","16.0","1","1","0","1","16","8","2","15","8","1.46","8.01","4.13","4.66","4.65","","0.0","-0.1","24937"
"Anthony Castro","CLE","0","10","10.0","0","1","0","0","10","6","2","11","6","1.52","9.30","4.97","4.94","4.83","","0.0","0.0","19789"
"Jose Marte","LAA","0","11","11.0","0","1","0","0","10","6","1","11","7","1.61","8.89","5.92","5.02","5.02","","0.0","-0.1","21761"
"Domingo Tapia","OAK","0","11","11.0","1","1","0","0","10","5","1","9","5","1.36","7.37","4.25","4.07","4.56","","0.0","0.0","12178"
"Sam Hentges","CLE","0","22","22.0","1","1","0","4","21","11","3","22","10","1.42","9.03","3.98","4.34","4.24","","0.0","0.0","18548"
"Jimmy Lambert","CHW","1","20","25.0","1","2","0","4","24","13","4","24","11","1.42","8.59","3.96","4.72","4.77","","0.0","-0.1","19541"
"Tyler Gilbert","ARI","3","3","15.0","1","1","0","0","17","9","3","11","6","1.46","6.36","3.23","5.31","5.20","","0.0","0.0","17964"
"Tanner Tully","CLE","0","9","9.0","0","1","0","0","10","5","2","6","2","1.41","5.83","2.35","4.97","4.94","","0.0","0.0","19518"
"Kolby Allard","TEX","1","14","16.0","1","1","0","0","17","9","3","14","5","1.36","7.87","2.80","5.03","4.79","","0.0","-0.1","18694"
"Nick Neidert","MIA","1","7","12.0","1","1","0","0","13","6","2","8","4","1.45","6.38","3.40","4.99","5.05","","0.0","0.0","18699"
"Tyler Danish","BOS","0","13","13.0","1","1","0","0","15","7","2","11","4","1.42","7.53","2.93","4.90","4.56","","0.0","0.0","15126"
"Foster Griffin","TOR","0","8","8.0","0","1","0","0","9","4","1","6","3","1.49","6.88","3.63","5.05","4.89","","0.0","0.0","16432"
"Jackson Tetreault","WSN","2","6","13.0","1","1","0","0","15","8","2","9","6","1.57","6.04","3.94","5.58","5.53","","0.0","-0.1","20565"
"Jarlín García","SFG","0","21","21.0","1","1","0","4","21","10","3","18","7","1.31","7.74","3.14","4.21","4.12","","0.0","0.0","18282"
"Jake Woodford","STL","0","7","7.0","0","0","0","0","7","3","1","5","3","1.44","6.73","3.57","4.80","4.92","","0.0","0.0","18674"
"Erasmo Ramírez","WSN","0","17","17.0","1","1","0","2","18","9","3","13","4","1.32","6.92","2.37","4.76","4.73","","0.0","0.0","10314"
"Michael Rucker","CHC","0","19","19.0","1","1","0","3","19","10","3","18","7","1.37","8.43","3.24","4.48","4.32","","0.0","0.0","19454"
"Alex Young","SFG","0","15","15.0","1","1","0","0","15","7","2","14","5","1.39","8.13","3.27","4.41","4.38","","0.0","0.0","18333"
"Ryan Castellani","","0","4","4.0","0","0","0","0","4","2","1","3","2","1.66","7.07","5.69","5.47","5.68","","0.0","0.0","16377"
"Thomas Szapucki","SFG","1","4","6.0","0","0","0","0","6","4","1","6","3","1.51","9.01","4.68","5.23","5.07","","0.0","0.0","21065"
"Eric Stout","PIT","0","11","11.0","0","1","0","0","11","6","2","10","6","1.55","8.60","5.03","5.01","5.01","","0.0","0.0","16873"
"Phillips Valdez","SEA","0","10","10.0","0","0","0","0","10","5","1","9","5","1.50","7.97","4.42","4.68","4.69","","0.0","0.0","15605"
"Deivi García","NYY","2","6","16.0","1","1","0","0","16","10","3","14","8","1.50","7.67","4.51","5.25","5.44","","0.0","0.0","20276"
"Brad Boxberger","MIL","0","23","23.0","1","1","0","4","20","11","3","25","11","1.37","10.03","4.31","4.41","4.40","","0.0","0.0","10133"
"Dauri Moreta","CIN","0","22","22.0","1","1","1","3","22","12","4","21","8","1.35","8.79","3.14","4.82","4.73","","0.0","-0.1","21101"
"Carlos Estévez","COL","0","22","22.0","1","1","1","5","23","12","4","23","9","1.44","9.04","3.57","4.87","4.49","","0.0","0.0","14542"
"Zack Littell","SFG","0","20","20.0","1","1","0","3","19","10","3","19","7","1.33","8.71","3.25","4.39","4.30","","0.0","0.0","15823"
"Elvin Rodriguez","DET","1","5","10.0","0","1","0","0","11","6","2","7","4","1.53","6.61","3.75","5.71","5.59","","0.0","-0.1","20962"
"Andrew Wantz","LAA","0","20","20.0","1","1","0","3","20","10","3","21","8","1.36","9.13","3.58","4.62","4.61","","0.0","-0.1","24933"
"Jesus Tinoco","TEX","0","10","10.0","0","1","0","0","10","5","2","9","5","1.49","8.19","4.31","4.90","4.86","","0.0","0.0","16300"
"Caleb Smith","ARI","0","13","13.0","1","1","0","0","12","7","2","14","6","1.41","9.46","4.36","4.97","4.95","","0.0","0.0","14875"
"Elieser Hernandez","MIA","0","17","17.0","1","1","0","1","16","9","3","19","5","1.22","9.78","2.52","4.52","4.46","","0.0","0.0","16933"
"David McKay","OAK","0","10","10.0","0","1","0","0","9","5","1","9","5","1.45","8.12","4.37","4.65","4.77","","0.0","0.0","19814"
"Ross Detwiler","CIN","0","16","16.0","1","1","0","0","18","10","3","15","6","1.48","8.60","3.40","5.38","5.00","","0.0","0.0","2859"
"Cole Winn","TEX","2","2","13.0","1","1","0","0","14","8","2","11","7","1.58","7.31","4.90","5.32","5.36","","0.0","0.0","sa3008662"
"Aneurys Zabala","MIA","0","15","15.0","1","1","0","0","14","8","2","14","8","1.50","8.35","4.83","4.65","4.57","","0.0","0.0","20802"
"Corbin Martin","ARI","4","8","22.0","1","1","0","0","24","13","4","20","11","1.54","7.91","4.41","5.29","5.07","","0.0","-0.1","19884"
"Matt Moore","TEX","0","24","24.0","1","1","3","4","24","12","3","23","11","1.42","8.76","3.99","4.46","4.36","","0.0","-0.2","1890"
"Ralph Garza Jr.","TBR","0","12","12.0","1","1","0","0","11","6","2","9","5","1.37","7.05","3.90","4.49","4.88","","0.0","0.0","17682"
"Francisco Morales","PHI","0","10","10.0","1","1","0","0","10","6","1","10","7","1.65","9.12","6.24","5.27","5.25","","0.0","0.0","22913"
"Kirk McCarty","CLE","0","13","13.0","1","1","0","0","14","7","2","10","5","1.43","6.92","3.14","5.09","5.12","","0.0","-0.1","20555"
"Joey Krehbiel","BAL","0","22","22.0","1","1","0","4","22","11","4","20","9","1.40","8.35","3.68","4.70","4.72","","0.0","-0.1","13707"
"Collin Snider","KCR","0","14","14.0","1","1","0","0","15","8","2","9","6","1.55","5.78","3.86","5.16","4.92","","0.0","0.0","23307"
"Jhoulys Chacín","COL","0","15","15.0","1","1","0","1","16","9","2","12","6","1.49","7.41","3.68","5.28","4.90","","0.0","0.0","2608"
"Buck Farmer","CIN","0","23","23.0","1","1","1","5","22","12","4","24","11","1.42","9.46","4.19","4.69","4.66","","0.0","0.0","14814"
"Bryan Garcia","DET","0","11","11.0","0","1","0","0","11","6","2","8","5","1.57","6.70","4.37","5.38","5.36","","0.0","-0.1","19457"
"Chase De Jong","PIT","0","16","16.0","1","1","0","2","17","9","3","14","6","1.46","8.00","3.63","5.25","5.08","","0.0","-0.1","15036"
"James Naile","STL","0","15","15.0","1","1","0","0","16","8","2","9","5","1.45","5.63","2.87","4.86","4.85","","0.0","-0.1","18186"
"Albert Abreu","NYY","0","14","14.0","1","1","0","1","13","7","2","15","8","1.51","9.35","5.16","4.79","4.81","","0.0","-0.1","17485"
"Jake Bird","COL","0","20","20.0","1","1","0","3","22","11","2","16","10","1.59","7.24","4.49","5.06","4.74","","-0.1","0.0","21267"
"Anderson Espinoza","CHC","0","18","18.0","1","1","0","2","18","10","3","17","10","1.53","8.72","4.87","5.07","5.01","","-0.1","-0.1","18593"
"Kyle Nelson","ARI","0","21","21.0","1","1","0","4","21","10","3","20","10","1.42","8.41","4.08","4.37","4.37","","-0.1","0.0","20515"
"Joe Barlow","TEX","0","20","20.0","1","1","1","3","18","10","3","20","9","1.39","8.96","4.24","4.60","4.57","","-0.1","-0.1","22296"
"Mark Appel","PHI","0","15","15.0","1","1","0","0","17","9","2","12","8","1.60","6.77","4.66","5.54","5.42","","-0.1","-0.1","14823"
"Joe Smith","MIN","0","17","17.0","1","1","0","1","18","9","3","12","5","1.38","6.51","2.51","4.82","4.77","","-0.1","-0.1","3281"
"Alec Mills","CHC","0","16","16.0","1","1","0","1","18","9","3","12","4","1.37","6.69","2.37","4.95","4.92","","-0.1","-0.1","13834"
"Génesis Cabrera","STL","0","23","23.0","1","1","0","6","21","11","3","24","11","1.37","9.40","4.18","4.19","4.35","","-0.1","-0.1","17490"
"T.J. McFarland","STL","0","19","19.0","1","1","0","3","20","9","2","11","6","1.42","5.48","2.92","4.39","4.48","","-0.1","0.0","3237"
"Griffin Jax","MIN","0","23","23.0","1","1","0","5","23","12","4","20","7","1.34","7.98","2.87","4.68","4.54","","-0.1","-0.2","20253"
"Wil Crowe","PIT","0","24","24.0","1","2","1","5","24","12","3","23","10","1.42","8.47","3.80","4.53","4.40","","-0.1","-0.1","19800"
"Jonathan Hernández","TEX","0","22","22.0","1","2","4","3","22","11","3","21","10","1.46","8.46","4.15","4.59","4.44","","-0.1","-0.1","17464"
"Chris Devenski","ARI","0","19","19.0","1","1","0","3","19","10","3","18","6","1.33","8.36","2.77","4.76","4.63","","-0.1","-0.1","12763"
"Jordan Weems","WSN","0","19","19.0","1","1","0","3","18","11","3","19","10","1.52","9.01","4.85","5.09","5.03","","-0.1","-0.1","13190"
"Steven Brault","CHC","0","22","22.0","1","1","1","4","22","11","3","19","10","1.47","7.69","4.14","4.64","4.70","","-0.1","0.0","15291"
"Hunter Strickland","CIN","0","23","23.0","1","1","3","4","23","13","4","22","11","1.45","8.47","4.16","5.07","5.07","","-0.2","-0.2","7836"
"Bryan Shaw","CLE","0","23","23.0","1","2","0","4","23","12","3","20","11","1.49","7.93","4.32","4.77","4.74","","-0.2","-0.2","8110"
"Andres Machado","WSN","0","22","22.0","1","1","0","5","22","12","3","19","10","1.46","7.70","4.05","4.88","4.87","","-0.2","-0.2","14681"
"Erich Uelmen","CHC","0","24","24.0","1","2","0","6","26","13","3","20","11","1.51","7.25","4.21","4.96","4.90","","-0.2","-0.3","20323"
