Team▲▼,Division▲▼,Team rating▲▼,1-Week Change▲▼,RecordProj.rec.▲▼,Run Diff.▲▼,Make PlayoffsMakePlay-offs▲▼,WinDivisionWinDiv.▲▼,Win World SeriesWinW.S.▲▼,Unnamed: 9,date,RecordProj. rec.▲▼,Make PlayoffsMake Play- offs▲▼,Win DivisionWin Div.▲▼,Win World SeriesWin W.S.▲▼
Dodgers3-2Dodgers,NL West,1564,3.0,95-67,144,85%,57%,12%,,2023-04-04 22:14:25.262307,,,,
Braves4-1Braves,NL East,1560,5.0,95-67,130,86%,53%,11%,,2023-04-04 22:14:25.262307,,,,
Yankees3-2Yankees,AL East,1559,3.0,93-69,115,77%,43%,10%,,2023-04-04 22:14:25.262307,,,,
Astros2-3Astros,AL West,1553,-3.0,91-71,101,74%,51%,9%,,2023-04-04 22:14:25.262307,,,,
Mets3-3Mets,NL East,1547,-3.0,91-71,77,73%,31%,7%,,2023-04-04 22:14:25.262307,,,,
Brewers4-1Brewers,NL Central,1535,8.0,90-72,93,74%,55%,6%,,2023-04-04 22:14:25.262307,,,,
Padres3-3Padres,NL West,1542,-5.0,89-73,68,66%,28%,6%,,2023-04-04 22:14:25.262307,,,,
Guardians4-1Guardians,AL Central,1534,5.0,90-72,72,69%,47%,5%,,2023-04-04 22:14:25.262307,,,,
Rays5-0Rays,AL East,1536,8.0,89-73,79,66%,28%,5%,,2023-04-04 22:14:25.262307,,,,
Blue Jays1-3Blue Jays,AL East,1537,-5.0,87-75,50,55%,20%,5%,,2023-04-04 22:14:25.262307,,,,
Twins4-1Twins,AL Central,1527,6.0,88-74,66,62%,38%,4%,,2023-04-04 22:14:25.262307,,,,
Cardinals2-3Cardinals,NL Central,1522,-1.0,85-77,45,54%,31%,3%,,2023-04-04 22:14:25.262307,,,,
Angels3-1Angels,AL West,1521,6.0,86-76,54,51%,24%,3%,,2023-04-04 22:14:25.262307,,,,
Phillies1-4Phillies,NL East,1525,-7.0,84-78,23,48%,13%,3%,,2023-04-04 22:14:25.262307,,,,
Giants2-2Giants,NL West,1507,,82-80,9,38%,10%,2%,,2023-04-04 22:14:25.262307,,,,
Mariners1-4Mariners,AL West,1511,-5.0,81-81,2,31%,12%,2%,,2023-04-04 22:14:25.262307,,,,
Rangers3-1Rangers,AL West,1503,6.0,82-80,12,34%,13%,2%,,2023-04-04 22:14:25.262307,,,,
Red Sox2-3Red Sox,AL East,1507,-2.0,79-83,-10,26%,6%,1%,,2023-04-04 22:14:25.262307,,,,
White Sox2-3White Sox,AL Central,1499,-2.0,80-82,-14,30%,13%,1%,,2023-04-04 22:14:25.262307,,,,
Cubs2-3Cubs,NL Central,1485,,77-85,-30,21%,8%,<1%,,2023-04-04 22:14:25.262307,,,,
Diamondbacks3-3Dbacks,NL West,1484,,77-85,-50,19%,4%,<1%,,2023-04-04 22:14:25.262307,,,,
Marlins2-4Marlins,NL East,1486,-6.0,76-86,-57,16%,3%,<1%,,2023-04-04 22:14:25.262307,,,,
Orioles2-2Orioles,AL East,1485,,76-86,-51,15%,3%,<1%,,2023-04-04 22:14:25.262307,,,,
Pirates3-2Pirates,NL Central,1460,1.0,72-90,-90,9%,3%,<1%,,2023-04-04 22:14:25.262307,,,,
Reds3-2Reds,NL Central,1455,,70-92,-102,7%,3%,<1%,,2023-04-04 22:14:25.262307,,,,
Tigers1-3Tigers,AL Central,1448,-3.0,67-95,-132,4%,1%,<1%,,2023-04-04 22:14:25.262307,,,,
Royals1-3Royals,AL Central,1449,-1.0,67-95,-121,3%,1%,<1%,,2023-04-04 22:14:25.262307,,,,
Rockies2-3Rockies,NL West,1445,2.0,67-95,-134,3%,<1%,<1%,,2023-04-04 22:14:25.262307,,,,
Athletics1-3Athletics,AL West,1434,-5.0,63-99,-171,1%,<1%,<1%,,2023-04-04 22:14:25.262307,,,,
Nationals1-4Nationals,NL East,1430,-4.0,62-100,-177,1%,<1%,<1%,,2023-04-04 22:14:25.262307,,,,
Dodgers4-2Dodgers,NL West,1565,4.0,,146,,,,,2023-04-05 09:06:02.875043,95-67,86%,58%,12%
Braves4-1Braves,NL East,1560,5.0,,130,,,,,2023-04-05 09:06:02.875043,95-67,86%,54%,11%
Yankees3-2Yankees,AL East,1559,3.0,,115,,,,,2023-04-05 09:06:02.875043,93-69,78%,42%,10%
Astros2-4Astros,AL West,1550,-6.0,,90,,,,,2023-04-05 09:06:02.875043,90-72,71%,48%,8%
Mets3-3Mets,NL East,1547,-3.0,,77,,,,,2023-04-05 09:06:02.875043,91-71,73%,31%,7%
Brewers4-1Brewers,NL Central,1535,8.0,,93,,,,,2023-04-05 09:06:02.875043,90-72,74%,55%,6%
Padres3-3Padres,NL West,1542,-5.0,,68,,,,,2023-04-05 09:06:02.875043,89-73,66%,27%,6%
Rays5-0Rays,AL East,1536,8.0,,78,,,,,2023-04-05 09:06:02.875043,89-73,66%,28%,5%
Guardians4-2Guardians,AL Central,1533,4.0,,66,,,,,2023-04-05 09:06:02.875043,89-73,66%,44%,5%
Blue Jays2-3Blue Jays,AL East,1539,-3.0,,54,,,,,2023-04-05 09:06:02.875043,87-75,58%,21%,5%
Twins4-1Twins,AL Central,1527,6.0,,66,,,,,2023-04-05 09:06:02.875043,88-74,63%,40%,4%
Cardinals2-3Cardinals,NL Central,1522,-1.0,,45,,,,,2023-04-05 09:06:02.875043,85-77,54%,31%,3%
Phillies1-4Phillies,NL East,1525,-7.0,,22,,,,,2023-04-05 09:06:02.875043,84-78,48%,13%,3%
Angels3-2Angels,AL West,1518,3.0,,41,,,,,2023-04-05 09:06:02.875043,85-77,48%,24%,3%
Mariners2-4Mariners,AL West,1513,-3.0,,15,,,,,2023-04-05 09:06:02.875043,82-80,35%,15%,2%
Giants2-2Giants,NL West,1507,,,9,,,,,2023-04-05 09:06:02.875043,82-80,38%,10%,2%
Rangers3-2Rangers,AL West,1501,4.0,,2,,,,,2023-04-05 09:06:02.875043,80-82,31%,13%,1%
Red Sox2-3Red Sox,AL East,1507,-2.0,,-10,,,,,2023-04-05 09:06:02.875043,79-83,26%,6%,1%
White Sox2-3White Sox,AL Central,1499,-2.0,,-14,,,,,2023-04-05 09:06:02.875043,80-82,30%,14%,1%
Orioles3-2Orioles,AL East,1487,2.0,,-40,,,,,2023-04-05 09:06:02.875043,77-85,18%,4%,<1%
Cubs2-3Cubs,NL Central,1485,,,-30,,,,,2023-04-05 09:06:02.875043,77-85,21%,8%,<1%
Diamondbacks3-3Dbacks,NL West,1484,,,-50,,,,,2023-04-05 09:06:02.875043,77-85,20%,4%,<1%
Marlins2-4Marlins,NL East,1486,-6.0,,-57,,,,,2023-04-05 09:06:02.875043,76-86,16%,3%,<1%
Pirates3-2Pirates,NL Central,1460,1.0,,-90,,,,,2023-04-05 09:06:02.875043,72-90,9%,4%,<1%
Reds3-2Reds,NL Central,1455,,,-103,,,,,2023-04-05 09:06:02.875043,70-92,7%,3%,<1%
Tigers2-3Tigers,AL Central,1451,,,-121,,,,,2023-04-05 09:06:02.875043,69-93,5%,2%,<1%
Royals1-4Royals,AL Central,1447,-3.0,,-126,,,,,2023-04-05 09:06:02.875043,66-96,3%,<1%,<1%
Rockies2-4Rockies,NL West,1444,1.0,,-136,,,,,2023-04-05 09:06:02.875043,66-96,3%,<1%,<1%
Athletics2-3Athletics,AL West,1436,-3.0,,-165,,,,,2023-04-05 09:06:02.875043,64-98,2%,<1%,<1%
Nationals1-4Nationals,NL East,1430,-4.0,,-177,,,,,2023-04-05 09:06:02.875043,62-100,1%,<1%,<1%
Dodgers4-2Dodgers,NL West,1565,4.0,95-67,146,86%,59%,12%,,2023-04-06 09:49:10.844432,,,,
Braves5-1Braves,NL East,1561,6.0,96-66,137,88%,58%,12%,,2023-04-06 09:49:10.844432,,,,
Yankees4-2Yankees,AL East,1560,4.0,93-69,117,79%,43%,10%,,2023-04-06 09:49:10.844432,,,,
Astros3-4Astros,AL West,1552,-4.0,91-71,97,72%,49%,8%,,2023-04-06 09:49:10.844432,,,,
Mets3-4Mets,NL East,1546,-4.0,90-72,75,71%,28%,7%,,2023-04-06 09:49:10.844432,,,,
Brewers5-1Brewers,NL Central,1536,9.0,91-71,95,76%,58%,6%,,2023-04-06 09:49:10.844432,,,,
Padres3-3Padres,NL West,1542,-5.0,89-73,68,67%,28%,6%,,2023-04-06 09:49:10.844432,,,,
Rays6-0Rays,AL East,1537,9.0,90-72,85,68%,28%,6%,,2023-04-06 09:49:10.844432,,,,
Guardians5-2Guardians,AL Central,1534,5.0,90-72,72,69%,48%,5%,,2023-04-06 09:49:10.844432,,,,
Blue Jays3-3Blue Jays,AL East,1540,-2.0,88-74,59,60%,22%,5%,,2023-04-06 09:49:10.844432,,,,
Twins4-2Twins,AL Central,1525,4.0,87-75,59,58%,35%,4%,,2023-04-06 09:49:10.844432,,,,
Angels4-2Angels,AL West,1519,4.0,85-77,43,50%,24%,3%,,2023-04-06 09:49:10.844432,,,,
Cardinals2-4Cardinals,NL Central,1521,-2.0,85-77,38,50%,27%,3%,,2023-04-06 09:49:10.844432,,,,
Phillies1-5Phillies,NL East,1524,-8.0,84-78,19,45%,11%,3%,,2023-04-06 09:49:10.844432,,,,
Mariners2-5Mariners,AL West,1512,-4.0,81-81,14,32%,13%,2%,,2023-04-06 09:49:10.844432,,,,
Giants2-3Giants,NL West,1506,-1.0,81-81,2,35%,9%,1%,,2023-04-06 09:49:10.844432,,,,
Rangers4-2Rangers,AL West,1502,5.0,81-81,4,32%,13%,1%,,2023-04-06 09:49:10.844432,,,,
White Sox3-3White Sox,AL Central,1501,,81-81,-6,33%,15%,1%,,2023-04-06 09:49:10.844432,,,,
Red Sox2-4Red Sox,AL East,1505,-4.0,78-84,-17,23%,4%,1%,,2023-04-06 09:49:10.844432,,,,
Cubs2-3Cubs,NL Central,1485,,77-85,-30,21%,8%,<1%,,2023-04-06 09:49:10.844432,,,,
Diamondbacks3-3Dbacks,NL West,1484,,77-85,-50,20%,4%,<1%,,2023-04-06 09:49:10.844432,,,,
Marlins3-4Marlins,NL East,1488,-4.0,77-85,-50,19%,3%,<1%,,2023-04-06 09:49:10.844432,,,,
Orioles3-3Orioles,AL East,1486,1.0,76-86,-45,16%,3%,<1%,,2023-04-06 09:49:10.844432,,,,
Pirates4-2Pirates,NL Central,1462,3.0,73-89,-82,11%,4%,<1%,,2023-04-06 09:49:10.844432,,,,
Reds3-2Reds,NL Central,1455,,70-92,-103,7%,3%,<1%,,2023-04-06 09:49:10.844432,,,,
Tigers2-4Tigers,AL Central,1450,-1.0,68-94,-127,4%,2%,<1%,,2023-04-06 09:49:10.844432,,,,
Rockies2-4Rockies,NL West,1444,1.0,66-96,-136,3%,<1%,<1%,,2023-04-06 09:49:10.844432,,,,
Royals1-5Royals,AL Central,1446,-4.0,66-96,-130,2%,<1%,<1%,,2023-04-06 09:49:10.844432,,,,
Athletics2-4Athletics,AL West,1434,-5.0,64-98,-171,1%,<1%,<1%,,2023-04-06 09:49:10.844432,,,,
Nationals1-5Nationals,NL East,1428,-6.0,62-100,-184,<1%,<1%,<1%,,2023-04-06 09:49:10.844432,,,,
Dodgers5-2Dodgers,NL West,1566,3.0,,153,,,,,2023-04-07 09:15:07.091841,96-66,88%,62%,13%
Braves6-1Braves,NL East,1562,6.0,,139,,,,,2023-04-07 09:15:07.091841,97-65,89%,60%,12%
Yankees4-2Yankees,AL East,1560,2.0,,118,,,,,2023-04-07 09:15:07.091841,93-69,79%,42%,10%
Astros3-4Astros,AL West,1552,-3.0,,97,,,,,2023-04-07 09:15:07.091841,91-71,72%,49%,8%
Mets3-4Mets,NL East,1546,-6.0,,75,,,,,2023-04-07 09:15:07.091841,90-72,71%,27%,6%
Brewers5-1Brewers,NL Central,1536,11.0,,96,,,,,2023-04-07 09:15:07.091841,91-71,76%,59%,6%
Blue Jays4-3Blue Jays,AL East,1541,-2.0,,63,,,,,2023-04-07 09:15:07.091841,89-73,63%,23%,6%
Rays6-0Rays,AL East,1537,8.0,,84,,,,,2023-04-07 09:15:07.091841,90-72,67%,27%,6%
Padres3-4Padres,NL West,1542,-1.0,,66,,,,,2023-04-07 09:15:07.091841,88-74,64%,24%,5%
Guardians5-2Guardians,AL Central,1534,6.0,,72,,,,,2023-04-07 09:15:07.091841,90-72,69%,49%,5%
Twins4-2Twins,AL Central,1525,3.0,,60,,,,,2023-04-07 09:15:07.091841,87-75,59%,36%,4%
Angels4-2Angels,AL West,1519,6.0,,43,,,,,2023-04-07 09:15:07.091841,85-77,50%,24%,3%
Cardinals2-4Cardinals,NL Central,1521,-1.0,,38,,,,,2023-04-07 09:15:07.091841,84-78,50%,27%,3%
Phillies1-5Phillies,NL East,1524,-6.0,,19,,,,,2023-04-07 09:15:07.091841,84-78,45%,11%,3%
Giants3-3Giants,NL West,1510,5.0,,20,,,,,2023-04-07 09:15:07.091841,83-79,40%,11%,2%
Mariners2-5Mariners,AL West,1512,-6.0,,13,,,,,2023-04-07 09:15:07.091841,81-81,32%,13%,2%
Rangers4-2Rangers,AL West,1502,3.0,,5,,,,,2023-04-07 09:15:07.091841,81-81,32%,13%,1%
Red Sox3-4Red Sox,AL East,1506,-2.0,,-12,,,,,2023-04-07 09:15:07.091841,79-83,25%,5%,1%
White Sox3-4White Sox,AL Central,1497,-5.0,,-24,,,,,2023-04-07 09:15:07.091841,80-82,28%,13%,1%
Marlins3-4Marlins,NL East,1488,-3.0,,-50,,,,,2023-04-07 09:15:07.091841,77-85,19%,3%,<1%
Cubs2-3Cubs,NL Central,1485,-2.0,,-30,,,,,2023-04-07 09:15:07.091841,77-85,20%,8%,<1%
Orioles3-3Orioles,AL East,1486,,,-46,,,,,2023-04-07 09:15:07.091841,76-86,16%,3%,<1%
Diamondbacks3-4Dbacks,NL West,1483,1.0,,-56,,,,,2023-04-07 09:15:07.091841,76-86,17%,3%,<1%
Pirates4-2Pirates,NL Central,1462,2.0,,-82,,,,,2023-04-07 09:15:07.091841,73-89,11%,4%,<1%
Reds3-2Reds,NL Central,1455,1.0,,-103,,,,,2023-04-07 09:15:07.091841,70-92,7%,3%,<1%
Tigers2-5Tigers,AL Central,1448,-2.0,,-132,,,,,2023-04-07 09:15:07.091841,68-94,4%,1%,<1%
Rockies3-4Rockies,NL West,1445,-2.0,,-135,,,,,2023-04-07 09:15:07.091841,67-95,3%,<1%,<1%
Royals1-6Royals,AL Central,1445,-4.0,,-134,,,,,2023-04-07 09:15:07.091841,65-97,2%,<1%,<1%
Athletics2-4Athletics,AL West,1434,-6.0,,-170,,,,,2023-04-07 09:15:07.091841,64-98,1%,<1%,<1%
Nationals1-6Nationals,NL East,1428,-4.0,,-186,,,,,2023-04-07 09:15:07.091841,61-101,<1%,<1%,<1%
Dodgers5-3Dodgers,NL West,1564,2.0,,144,,,,,2023-04-08 09:13:50.232130,95-67,86%,58%,12%
Braves6-2Braves,NL East,1561,5.0,,133,,,,,2023-04-08 09:13:50.232130,95-67,87%,55%,11%
Yankees4-3Yankees,AL East,1559,1.0,,113,,,,,2023-04-08 09:13:50.232130,92-70,77%,37%,10%
Astros3-5Astros,AL West,1551,-5.0,,95,,,,,2023-04-08 09:13:50.232130,90-72,70%,48%,8%
Mets4-4Mets,NL East,1548,-2.0,,83,,,,,2023-04-08 09:13:50.232130,91-71,73%,31%,7%
Brewers6-1Brewers,NL Central,1538,13.0,,103,,,,,2023-04-08 09:13:50.232130,92-70,79%,62%,6%
Blue Jays5-3Blue Jays,AL East,1542,-1.0,,66,,,,,2023-04-08 09:13:50.232130,89-73,66%,25%,6%
Rays7-0Rays,AL East,1539,10.0,,89,,,,,2023-04-08 09:13:50.232130,91-71,70%,30%,6%
Padres4-4Padres,NL West,1543,2.0,,69,,,,,2023-04-08 09:13:50.232130,89-73,67%,28%,6%
Guardians5-3Guardians,AL Central,1532,1.0,,66,,,,,2023-04-08 09:13:50.232130,89-73,66%,45%,5%
Twins5-2Twins,AL Central,1526,4.0,,63,,,,,2023-04-08 09:13:50.232130,88-74,62%,41%,4%
Phillies2-5Phillies,NL East,1525,-5.0,,22,,,,,2023-04-08 09:13:50.232130,84-78,47%,12%,3%
Angels4-3Angels,AL West,1518,5.0,,41,,,,,2023-04-08 09:13:50.232130,85-77,48%,24%,3%
Cardinals2-5Cardinals,NL Central,1519,-3.0,,32,,,,,2023-04-08 09:13:50.232130,84-78,46%,23%,3%
Mariners3-5Mariners,AL West,1514,-1.0,,18,,,,,2023-04-08 09:13:50.232130,82-80,36%,15%,2%
Giants3-4Giants,NL West,1508,3.0,,11,,,,,2023-04-08 09:13:50.232130,81-81,35%,9%,2%
Rangers4-3Rangers,AL West,1500,1.0,,1,,,,,2023-04-08 09:13:50.232130,80-82,30%,12%,1%
Red Sox3-4Red Sox,AL East,1506,-2.0,,-12,,,,,2023-04-08 09:13:50.232130,79-83,25%,5%,1%
White Sox3-5White Sox,AL Central,1495,-6.0,,-31,,,,,2023-04-08 09:13:50.232130,79-83,25%,11%,<1%
Cubs3-3Cubs,NL Central,1486,-1.0,,-26,,,,,2023-04-08 09:13:50.232130,77-85,22%,9%,<1%
Orioles4-3Orioles,AL East,1487,1.0,,-42,,,,,2023-04-08 09:13:50.232130,77-85,18%,3%,<1%
Diamondbacks4-4Dbacks,NL West,1485,1.0,,-47,,,,,2023-04-08 09:13:50.232130,77-85,20%,4%,<1%
Marlins3-5Marlins,NL East,1486,-6.0,,-59,,,,,2023-04-08 09:13:50.232130,76-86,16%,2%,<1%
Pirates5-2Pirates,NL Central,1464,4.0,,-75,,,,,2023-04-08 09:13:50.232130,74-88,12%,4%,<1%
Reds3-3Reds,NL Central,1454,,,-106,,,,,2023-04-08 09:13:50.232130,70-92,6%,2%,<1%
Tigers2-5Tigers,AL Central,1448,-2.0,,-131,,,,,2023-04-08 09:13:50.232130,68-94,4%,1%,<1%
Royals2-6Royals,AL Central,1447,-2.0,,-126,,,,,2023-04-08 09:13:50.232130,66-96,3%,<1%,<1%
Rockies3-5Rockies,NL West,1443,-6.0,,-144,,,,,2023-04-08 09:13:50.232130,66-96,2%,<1%,<1%
Athletics2-5Athletics,AL West,1433,-7.0,,-176,,,,,2023-04-08 09:13:50.232130,63-99,1%,<1%,<1%
Nationals2-6Nationals,NL East,1430,-2.0,,-176,,,,,2023-04-08 09:13:50.232130,62-100,<1%,<1%,<1%
Dodgers5-4Dodgers,NL West,1562,-1.0,,134,,,,,2023-04-09 09:13:58.268762,94-68,82%,53%,11%
Braves6-3Braves,NL East,1559,1.0,,128,,,,,2023-04-09 09:13:58.268762,95-67,85%,51%,11%
Yankees5-3Yankees,AL East,1560,3.0,,119,,,,,2023-04-09 09:13:58.268762,93-69,79%,40%,10%
Astros3-6Astros,AL West,1549,-8.0,,89,,,,,2023-04-09 09:13:58.268762,89-73,67%,44%,8%
Mets5-4Mets,NL East,1549,-3.0,,88,,,,,2023-04-09 09:13:58.268762,91-71,75%,34%,7%
Padres5-4Padres,NL West,1545,3.0,,76,,,,,2023-04-09 09:13:58.268762,90-72,70%,33%,7%
Rays8-0Rays,AL East,1540,8.0,,101,,,,,2023-04-09 09:13:58.268762,91-71,72%,31%,6%
Brewers6-2Brewers,NL Central,1535,9.0,,91,,,,,2023-04-09 09:13:58.268762,91-71,75%,56%,6%
Blue Jays5-4Blue Jays,AL East,1540,-1.0,,59,,,,,2023-04-09 09:13:58.268762,89-73,62%,21%,5%
Guardians5-4Guardians,AL Central,1531,-1.0,,62,,,,,2023-04-09 09:13:58.268762,88-74,62%,40%,5%
Twins6-2Twins,AL Central,1527,4.0,,69,,,,,2023-04-09 09:13:58.268762,89-73,65%,44%,5%
Angels5-3Angels,AL West,1520,3.0,,49,,,,,2023-04-09 09:13:58.268762,86-76,51%,27%,3%
Phillies3-5Phillies,NL East,1526,,,24,,,,,2023-04-09 09:13:58.268762,85-77,49%,13%,3%
Cardinals3-5Cardinals,NL Central,1522,-2.0,,43,,,,,2023-04-09 09:13:58.268762,85-77,51%,27%,3%
Mariners4-5Mariners,AL West,1515,1.0,,23,,,,,2023-04-09 09:13:58.268762,83-79,39%,18%,2%
Red Sox4-4Red Sox,AL East,1509,1.0,,1,,,,,2023-04-09 09:13:58.268762,80-82,28%,6%,1%
Giants3-5Giants,NL West,1506,,,8,,,,,2023-04-09 09:13:58.268762,81-81,31%,9%,1%
White Sox4-5White Sox,AL Central,1498,-2.0,,-21,,,,,2023-04-09 09:13:58.268762,80-82,28%,13%,1%
Rangers4-4Rangers,AL West,1498,-5.0,,-11,,,,,2023-04-09 09:13:58.268762,79-83,26%,10%,1%
Cubs4-3Cubs,NL Central,1489,3.0,,-13,,,,,2023-04-09 09:13:58.268762,79-83,25%,11%,<1%
Diamondbacks5-4Dbacks,NL West,1488,6.0,,-38,,,,,2023-04-09 09:13:58.268762,78-84,23%,5%,<1%
Orioles4-4Orioles,AL East,1486,1.0,,-48,,,,,2023-04-09 09:13:58.268762,76-86,15%,2%,<1%
Marlins3-6Marlins,NL East,1485,-5.0,,-63,,,,,2023-04-09 09:13:58.268762,75-87,14%,2%,<1%
Pirates5-3Pirates,NL Central,1462,4.0,,-85,,,,,2023-04-09 09:13:58.268762,73-89,10%,4%,<1%
Reds3-4Reds,NL Central,1453,-2.0,,-109,,,,,2023-04-09 09:13:58.268762,69-93,5%,2%,<1%
Tigers2-6Tigers,AL Central,1446,-2.0,,-145,,,,,2023-04-09 09:13:58.268762,67-95,3%,1%,<1%
Royals3-6Royals,AL Central,1448,,,-122,,,,,2023-04-09 09:13:58.268762,67-95,3%,1%,<1%
Rockies3-6Rockies,NL West,1441,-7.0,,-148,,,,,2023-04-09 09:13:58.268762,65-97,2%,<1%,<1%
Athletics2-6Athletics,AL West,1431,-6.0,,-189,,,,,2023-04-09 09:13:58.268762,62-100,<1%,<1%,<1%
Nationals3-6Nationals,NL East,1431,,,-173,,,,,2023-04-09 09:13:58.268762,63-99,1%,<1%,<1%
Yankees6-3Yankees,AL East,1561,2.0,,122,,,,,2023-04-10 09:15:53.673006,94-68,80%,40%,11%
Dodgers5-5Dodgers,NL West,1559,-3.0,,124,,,,,2023-04-10 09:15:53.673006,93-69,80%,47%,10%
Braves6-4Braves,NL East,1556,,,113,,,,,2023-04-10 09:15:53.673006,94-68,82%,50%,10%
Astros4-6Astros,AL West,1551,-4.0,,97,,,,,2023-04-10 09:15:53.673006,90-72,70%,49%,8%
Padres6-4Padres,NL West,1548,5.0,,90,,,,,2023-04-10 09:15:53.673006,91-71,75%,38%,8%
Mets5-5Mets,NL East,1547,-7.0,,76,,,,,2023-04-10 09:15:53.673006,90-72,71%,33%,7%
Rays9-0Rays,AL East,1543,10.0,,114,,,,,2023-04-10 09:15:53.673006,92-70,74%,31%,6%
Brewers7-2Brewers,NL Central,1537,9.0,,99,,,,,2023-04-10 09:15:53.673006,92-70,78%,61%,6%
Blue Jays6-4Blue Jays,AL East,1541,2.0,,63,,,,,2023-04-10 09:15:53.673006,89-73,65%,22%,6%
Guardians6-4Guardians,AL Central,1532,-1.0,,65,,,,,2023-04-10 09:15:53.673006,89-73,65%,45%,5%
Twins6-3Twins,AL Central,1525,,,61,,,,,2023-04-10 09:15:53.673006,88-74,62%,41%,4%
Angels5-4Angels,AL West,1519,,,45,,,,,2023-04-10 09:15:53.673006,85-77,47%,23%,3%
Phillies3-6Phillies,NL East,1524,-1.0,,18,,,,,2023-04-10 09:15:53.673006,84-78,45%,13%,3%
Cardinals3-6Cardinals,NL Central,1520,-6.0,,36,,,,,2023-04-10 09:15:53.673006,84-78,48%,24%,3%
Mariners4-6Mariners,AL West,1514,1.0,,20,,,,,2023-04-10 09:15:53.673006,82-80,35%,16%,2%
Giants4-5Giants,NL West,1507,3.0,,11,,,,,2023-04-10 09:15:53.673006,81-81,34%,9%,2%
Red Sox5-4Red Sox,AL East,1510,,,7,,,,,2023-04-10 09:15:53.673006,81-81,30%,6%,2%
Rangers5-4Rangers,AL West,1501,-3.0,,1,,,,,2023-04-10 09:15:53.673006,80-82,29%,12%,1%
White Sox4-6White Sox,AL Central,1496,-7.0,,-24,,,,,2023-04-10 09:15:53.673006,79-83,25%,12%,1%
Diamondbacks6-4Dbacks,NL West,1490,6.0,,-28,,,,,2023-04-10 09:15:53.673006,79-83,26%,6%,<1%
Cubs4-4Cubs,NL Central,1486,2.0,,-26,,,,,2023-04-10 09:15:53.673006,77-85,22%,8%,<1%
Marlins4-6Marlins,NL East,1488,,,-52,,,,,2023-04-10 09:15:53.673006,76-86,18%,3%,<1%
Orioles4-5Orioles,AL East,1485,1.0,,-52,,,,,2023-04-10 09:15:53.673006,75-87,13%,2%,<1%
Pirates6-3Pirates,NL Central,1463,6.0,,-81,,,,,2023-04-10 09:15:53.673006,73-89,12%,4%,<1%
Reds4-4Reds,NL Central,1455,-2.0,,-102,,,,,2023-04-10 09:15:53.673006,70-92,6%,2%,<1%
Tigers2-7Tigers,AL Central,1444,-3.0,,-151,,,,,2023-04-10 09:15:53.673006,66-96,2%,<1%,<1%
Royals3-7Royals,AL Central,1447,1.0,,-124,,,,,2023-04-10 09:15:53.673006,67-95,2%,1%,<1%
Rockies4-6Rockies,NL West,1442,-5.0,,-145,,,,,2023-04-10 09:15:53.673006,66-96,2%,<1%,<1%
Athletics2-7Athletics,AL West,1429,-6.0,,-202,,,,,2023-04-10 09:15:53.673006,61-101,<1%,<1%,<1%
Nationals3-7Nationals,NL East,1430,-3.0,,-174,,,,,2023-04-10 09:15:53.673006,62-100,<1%,<1%,<1%
Dodgers6-5Dodgers,NL West,1562,-2.0,,136,,,,,2023-04-11 09:16:25.512332,94-68,83%,52%,11%
Yankees6-4Yankees,AL East,1560,-1.0,,120,,,,,2023-04-11 09:16:25.512332,93-69,78%,37%,10%
Braves7-4Braves,NL East,1556,-2.0,,113,,,,,2023-04-11 09:16:25.512332,94-68,83%,49%,10%
Astros5-6Astros,AL West,1553,,,107,,,,,2023-04-11 09:16:25.512332,91-71,74%,53%,9%
Mets6-5Mets,NL East,1549,-2.0,,84,,,,,2023-04-11 09:16:25.512332,91-71,74%,34%,7%
Padres6-5Padres,NL West,1546,2.0,,81,,,,,2023-04-11 09:16:25.512332,90-72,71%,34%,7%
Rays10-0Rays,AL East,1543,9.0,,118,,,,,2023-04-11 09:16:25.512332,93-69,77%,35%,7%
Brewers7-3Brewers,NL Central,1535,4.0,,94,,,,,2023-04-11 09:16:25.512332,91-71,76%,60%,6%
Blue Jays6-4Blue Jays,AL East,1541,4.0,,61,,,,,2023-04-11 09:16:25.512332,89-73,64%,22%,6%
Guardians7-4Guardians,AL Central,1533,-1.0,,67,,,,,2023-04-11 09:16:25.512332,89-73,68%,48%,5%
Twins6-4Twins,AL Central,1524,-4.0,,58,,,,,2023-04-11 09:16:25.512332,87-75,58%,37%,4%
Phillies4-6Phillies,NL East,1528,5.0,,38,,,,,2023-04-11 09:16:25.512332,85-77,51%,15%,3%
Angels5-5Angels,AL West,1517,-4.0,,37,,,,,2023-04-11 09:16:25.512332,84-78,42%,20%,2%
Cardinals3-7Cardinals,NL Central,1518,-6.0,,28,,,,,2023-04-11 09:16:25.512332,83-79,44%,22%,2%
Mariners4-7Mariners,AL West,1513,2.0,,16,,,,,2023-04-11 09:16:25.512332,81-81,32%,13%,2%
Rangers6-4Rangers,AL West,1503,,,14,,,,,2023-04-11 09:16:25.512332,81-81,33%,14%,1%
Red Sox5-5Red Sox,AL East,1509,,,4,,,,,2023-04-11 09:16:25.512332,80-82,28%,5%,1%
Giants4-6Giants,NL West,1505,-2.0,,-2,,,,,2023-04-11 09:16:25.512332,80-82,30%,7%,1%
White Sox5-6White Sox,AL Central,1498,-1.0,,-20,,,,,2023-04-11 09:16:25.512332,80-82,28%,13%,1%
Diamondbacks7-4Dbacks,NL West,1491,8.0,,-23,,,,,2023-04-11 09:16:25.512332,80-82,29%,7%,<1%
Cubs5-4Cubs,NL Central,1488,5.0,,-21,,,,,2023-04-11 09:16:25.512332,78-84,25%,11%,<1%
Orioles5-5Orioles,AL East,1486,1.0,,-46,,,,,2023-04-11 09:16:25.512332,76-86,14%,2%,<1%
Marlins4-7Marlins,NL East,1484,-1.0,,-71,,,,,2023-04-11 09:16:25.512332,75-87,14%,2%,<1%
Pirates6-4Pirates,NL Central,1461,3.0,,-89,,,,,2023-04-11 09:16:25.512332,73-89,10%,4%,<1%
Reds4-5Reds,NL Central,1454,-4.0,,-103,,,,,2023-04-11 09:16:25.512332,70-92,6%,2%,<1%
Tigers2-7Tigers,AL Central,1444,-4.0,,-150,,,,,2023-04-11 09:16:25.512332,66-96,2%,<1%,<1%
Rockies5-6Rockies,NL West,1444,-1.0,,-139,,,,,2023-04-11 09:16:25.512332,67-95,3%,<1%,<1%
Royals3-8Royals,AL Central,1445,-4.0,,-138,,,,,2023-04-11 09:16:25.512332,66-96,2%,<1%,<1%
Nationals4-7Nationals,NL East,1432,,,-167,,,,,2023-04-11 09:16:25.512332,63-99,1%,<1%,<1%
Athletics2-8Athletics,AL West,1428,-6.0,,-208,,,,,2023-04-11 09:16:25.512332,61-101,<1%,<1%,<1%
Yankees7-4Yankees,AL East,1563,4.0,,132,,,,,2023-04-12 09:15:56.688610,94-68,81%,38%,11%
Braves8-4Braves,NL East,1557,-3.0,,116,,,,,2023-04-12 09:15:56.688610,95-67,85%,54%,11%
Dodgers6-6Dodgers,NL West,1559,-6.0,,125,,,,,2023-04-12 09:15:56.688610,93-69,79%,46%,10%
Astros5-7Astros,AL West,1551,1.0,,98,,,,,2023-04-12 09:15:56.688610,90-72,70%,49%,8%
Padres7-5Padres,NL West,1548,6.0,,87,,,,,2023-04-12 09:15:56.688610,91-71,74%,39%,7%
Rays11-0Rays,AL East,1545,9.0,,124,,,,,2023-04-12 09:15:56.688610,93-69,79%,35%,7%
Mets6-6Mets,NL East,1547,,,78,,,,,2023-04-12 09:15:56.688610,90-72,71%,30%,7%
Brewers8-3Brewers,NL Central,1538,3.0,,104,,,,,2023-04-12 09:15:56.688610,92-70,78%,61%,6%
Blue Jays7-4Blue Jays,AL East,1542,3.0,,68,,,,,2023-04-12 09:15:56.688610,90-72,67%,22%,6%
Guardians7-5Guardians,AL Central,1531,-2.0,,53,,,,,2023-04-12 09:15:56.688610,88-74,64%,44%,5%
Twins7-4Twins,AL Central,1525,-2.0,,60,,,,,2023-04-12 09:15:56.688610,88-74,62%,42%,4%
Phillies4-7Phillies,NL East,1526,1.0,,27,,,,,2023-04-12 09:15:56.688610,84-78,45%,13%,3%
Cardinals4-7Cardinals,NL Central,1519,-3.0,,34,,,,,2023-04-12 09:15:56.688610,84-78,46%,22%,3%
Angels6-5Angels,AL West,1517,-1.0,,39,,,,,2023-04-12 09:15:56.688610,84-78,44%,22%,3%
Rangers7-4Rangers,AL West,1503,2.0,,17,,,,,2023-04-12 09:15:56.688610,82-80,34%,16%,2%
Mariners4-8Mariners,AL West,1510,-3.0,,7,,,,,2023-04-12 09:15:56.688610,80-82,28%,12%,2%
Giants5-6Giants,NL West,1507,,,9,,,,,2023-04-12 09:15:56.688610,81-81,34%,9%,2%
Red Sox5-6Red Sox,AL East,1508,1.0,,-2,,,,,2023-04-12 09:15:56.688610,80-82,25%,4%,1%
White Sox5-7White Sox,AL Central,1497,-2.0,,-22,,,,,2023-04-12 09:15:56.688610,79-83,26%,13%,1%
Cubs6-4Cubs,NL Central,1490,5.0,,-12,,,,,2023-04-12 09:15:56.688610,79-83,27%,11%,<1%
Diamondbacks7-5Dbacks,NL West,1489,5.0,,-33,,,,,2023-04-12 09:15:56.688610,79-83,25%,6%,<1%
Marlins5-7Marlins,NL East,1486,,,-62,,,,,2023-04-12 09:15:56.688610,76-86,16%,3%,<1%
Orioles6-5Orioles,AL East,1488,1.0,,-40,,,,,2023-04-12 09:15:56.688610,77-85,16%,2%,<1%
Pirates7-4Pirates,NL Central,1463,3.0,,-82,,,,,2023-04-12 09:15:56.688610,74-88,12%,4%,<1%
Reds4-6Reds,NL Central,1454,-1.0,,-104,,,,,2023-04-12 09:15:56.688610,69-93,5%,2%,<1%
Rockies5-7Rockies,NL West,1443,-1.0,,-144,,,,,2023-04-12 09:15:56.688610,66-96,2%,<1%,<1%
Royals3-9Royals,AL Central,1445,-2.0,,-140,,,,,2023-04-12 09:15:56.688610,65-97,2%,<1%,<1%
Tigers2-8Tigers,AL Central,1443,-8.0,,-157,,,,,2023-04-12 09:15:56.688610,65-97,2%,<1%,<1%
Athletics2-9Athletics,AL West,1426,-10.0,,-214,,,,,2023-04-12 09:15:56.688610,60-102,<1%,<1%,<1%
Nationals4-8Nationals,NL East,1431,1.0,,-168,,,,,2023-04-12 09:15:56.688610,63-99,<1%,<1%,<1%
Yankees8-4Yankees,AL East,1564,4.0,,136,,,,,2023-04-13 09:16:02.091049,95-67,83%,39%,11%
Dodgers7-6Dodgers,NL West,1561,-4.0,,134,,,,,2023-04-13 09:16:02.091049,93-69,82%,51%,11%
Braves9-4Braves,NL East,1557,-4.0,,116,,,,,2023-04-13 09:16:02.091049,95-67,86%,54%,11%
Astros6-7Astros,AL West,1553,1.0,,109,,,,,2023-04-13 09:16:02.091049,91-71,73%,52%,9%
Rays12-0Rays,AL East,1546,9.0,,129,,,,,2023-04-13 09:16:02.091049,94-68,82%,36%,7%
Mets7-6Mets,NL East,1549,3.0,,84,,,,,2023-04-13 09:16:02.091049,91-71,74%,32%,7%
Padres7-6Padres,NL West,1546,4.0,,81,,,,,2023-04-13 09:16:02.091049,90-72,71%,34%,7%
Blue Jays8-4Blue Jays,AL East,1543,3.0,,68,,,,,2023-04-13 09:16:02.091049,90-72,69%,21%,6%
Brewers8-4Brewers,NL Central,1536,,,96,,,,,2023-04-13 09:16:02.091049,91-71,76%,58%,6%
Guardians7-6Guardians,AL Central,1530,-4.0,,50,,,,,2023-04-13 09:16:02.091049,87-75,61%,41%,4%
Twins8-4Twins,AL Central,1526,1.0,,63,,,,,2023-04-13 09:16:02.091049,88-74,64%,45%,4%
Cardinals5-7Cardinals,NL Central,1520,-1.0,,38,,,,,2023-04-13 09:16:02.091049,85-77,49%,26%,3%
Angels7-5Angels,AL West,1518,-1.0,,40,,,,,2023-04-13 09:16:02.091049,85-77,46%,23%,3%
Phillies4-8Phillies,NL East,1524,,,23,,,,,2023-04-13 09:16:02.091049,83-79,42%,10%,3%
Mariners5-8Mariners,AL West,1512,,,14,,,,,2023-04-13 09:16:02.091049,81-81,31%,13%,2%
Giants5-7Giants,NL West,1505,-1.0,,1,,,,,2023-04-13 09:16:02.091049,80-82,31%,7%,1%
Rangers7-5Rangers,AL West,1499,-3.0,,-2,,,,,2023-04-13 09:16:02.091049,80-82,28%,12%,1%
Red Sox5-7Red Sox,AL East,1506,1.0,,-9,,,,,2023-04-13 09:16:02.091049,79-83,22%,3%,1%
White Sox5-8White Sox,AL Central,1496,-5.0,,-25,,,,,2023-04-13 09:16:02.091049,79-83,24%,11%,<1%
Diamondbacks8-5Dbacks,NL West,1491,7.0,,-23,,,,,2023-04-13 09:16:02.091049,80-82,29%,7%,<1%
Cubs6-5Cubs,NL Central,1488,3.0,,-19,,,,,2023-04-13 09:16:02.091049,78-84,24%,10%,<1%
Marlins6-7Marlins,NL East,1488,,,-56,,,,,2023-04-13 09:16:02.091049,77-85,19%,3%,<1%
Orioles6-6Orioles,AL East,1485,-1.0,,-51,,,,,2023-04-13 09:16:02.091049,75-87,13%,1%,<1%
Pirates7-5Pirates,NL Central,1461,-1.0,,-93,,,,,2023-04-13 09:16:02.091049,73-89,10%,4%,<1%
Reds4-7Reds,NL Central,1453,-2.0,,-103,,,,,2023-04-13 09:16:02.091049,69-93,5%,2%,<1%
Royals4-9Royals,AL Central,1449,3.0,,-121,,,,,2023-04-13 09:16:02.091049,67-95,2%,1%,<1%
Tigers2-9Tigers,AL Central,1442,-8.0,,-157,,,,,2023-04-13 09:16:02.091049,65-97,2%,<1%,<1%
Rockies5-8Rockies,NL West,1442,-2.0,,-148,,,,,2023-04-13 09:16:02.091049,65-97,2%,<1%,<1%
Nationals4-9Nationals,NL East,1431,3.0,,-171,,,,,2023-04-13 09:16:02.091049,62-100,<1%,<1%,<1%
Athletics3-9Athletics,AL West,1429,-5.0,,-204,,,,,2023-04-13 09:16:02.091049,61-101,<1%,<1%,<1%
Dodgers7-6Dodgers,NL West,1561,-5.0,,135,,,,,2023-04-14 09:15:28.917890,94-68,83%,53%,11%
Braves9-4Braves,NL East,1557,-5.0,,116,,,,,2023-04-14 09:15:28.917890,95-67,87%,55%,11%
Yankees8-5Yankees,AL East,1560,,,118,,,,,2023-04-14 09:15:28.917890,93-69,80%,34%,10%
Astros6-7Astros,AL West,1553,1.0,,110,,,,,2023-04-14 09:15:28.917890,91-71,73%,53%,9%
Rays13-0Rays,AL East,1548,11.0,,138,,,,,2023-04-14 09:15:28.917890,95-67,84%,42%,8%
Mets7-6Mets,NL East,1549,3.0,,84,,,,,2023-04-14 09:15:28.917890,91-71,75%,33%,7%
Padres7-7Padres,NL West,1545,3.0,,77,,,,,2023-04-14 09:15:28.917890,89-73,69%,32%,6%
Brewers9-4Brewers,NL Central,1537,1.0,,99,,,,,2023-04-14 09:15:28.917890,92-70,79%,62%,6%
Blue Jays8-5Blue Jays,AL East,1541,,,62,,,,,2023-04-14 09:15:28.917890,89-73,65%,20%,6%
Twins9-4Twins,AL Central,1530,5.0,,80,,,,,2023-04-14 09:15:28.917890,90-72,70%,50%,5%
Guardians7-6Guardians,AL Central,1530,-4.0,,50,,,,,2023-04-14 09:15:28.917890,87-75,60%,38%,4%
Angels7-5Angels,AL West,1518,-1.0,,40,,,,,2023-04-14 09:15:28.917890,85-77,46%,23%,3%
Cardinals5-8Cardinals,NL Central,1517,-4.0,,26,,,,,2023-04-14 09:15:28.917890,83-79,44%,21%,2%
Phillies4-9Phillies,NL East,1522,-2.0,,15,,,,,2023-04-14 09:15:28.917890,82-80,39%,9%,2%
Mariners5-8Mariners,AL West,1512,,,14,,,,,2023-04-14 09:15:28.917890,81-81,32%,13%,2%
Giants5-7Giants,NL West,1505,-5.0,,0,,,,,2023-04-14 09:15:28.917890,80-82,31%,8%,1%
Rangers7-5Rangers,AL West,1499,-3.0,,-2,,,,,2023-04-14 09:15:28.917890,80-82,28%,12%,1%
Red Sox5-8Red Sox,AL East,1505,-1.0,,-16,,,,,2023-04-14 09:15:28.917890,78-84,20%,2%,<1%
White Sox5-8White Sox,AL Central,1496,-1.0,,-25,,,,,2023-04-14 09:15:28.917890,79-83,23%,10%,<1%
Diamondbacks8-5Dbacks,NL West,1491,8.0,,-23,,,,,2023-04-14 09:15:28.917890,80-82,30%,7%,<1%
Cubs6-5Cubs,NL Central,1488,3.0,,-19,,,,,2023-04-14 09:15:28.917890,78-84,24%,10%,<1%
Marlins6-7Marlins,NL East,1488,,,-56,,,,,2023-04-14 09:15:28.917890,77-85,19%,3%,<1%
Orioles7-6Orioles,AL East,1486,,,-50,,,,,2023-04-14 09:15:28.917890,76-86,14%,2%,<1%
Pirates8-5Pirates,NL Central,1464,2.0,,-80,,,,,2023-04-14 09:15:28.917890,74-88,13%,5%,<1%
Reds5-7Reds,NL Central,1455,,,-96,,,,,2023-04-14 09:15:28.917890,70-92,6%,2%,<1%
Royals4-9Royals,AL Central,1449,4.0,,-122,,,,,2023-04-14 09:15:28.917890,67-95,2%,<1%,<1%
Tigers3-9Tigers,AL Central,1444,-4.0,,-150,,,,,2023-04-14 09:15:28.917890,66-96,2%,<1%,<1%
Rockies5-8Rockies,NL West,1442,-3.0,,-148,,,,,2023-04-14 09:15:28.917890,65-97,2%,<1%,<1%
Nationals4-9Nationals,NL East,1431,3.0,,-170,,,,,2023-04-14 09:15:28.917890,62-100,<1%,<1%,<1%
Athletics3-10Athletics,AL West,1428,-6.0,,-205,,,,,2023-04-14 09:15:28.917890,61-101,<1%,<1%,<1%
Braves10-4Braves,NL East,1560,-1.0,,126,,,,,2023-04-15 09:14:34.132686,96-66,88%,55%,11%
Dodgers7-7Dodgers,NL West,1558,-6.0,,122,,,,,2023-04-15 09:14:34.132686,92-70,79%,53%,10%
Yankees8-6Yankees,AL East,1559,,,113,,,,,2023-04-15 09:14:34.132686,92-70,77%,32%,10%
Astros6-8Astros,AL West,1551,,,100,,,,,2023-04-15 09:14:34.132686,90-72,69%,48%,8%
Mets8-6Mets,NL East,1551,3.0,,99,,,,,2023-04-15 09:14:34.132686,92-70,78%,33%,8%
Rays13-1Rays,AL East,1546,7.0,,131,,,,,2023-04-15 09:14:34.132686,94-68,81%,39%,8%
Brewers10-4Brewers,NL Central,1541,3.0,,116,,,,,2023-04-15 09:14:34.132686,93-69,82%,65%,7%
Blue Jays9-5Blue Jays,AL East,1543,1.0,,68,,,,,2023-04-15 09:14:34.132686,90-72,68%,23%,6%
Padres7-8Padres,NL West,1541,-2.0,,61,,,,,2023-04-15 09:14:34.132686,88-74,64%,31%,5%
Twins10-4Twins,AL Central,1531,5.0,,84,,,,,2023-04-15 09:14:34.132686,90-72,72%,52%,5%
Guardians8-6Guardians,AL Central,1530,-2.0,,51,,,,,2023-04-15 09:14:34.132686,88-74,62%,38%,4%
Phillies5-9Phillies,NL East,1524,-1.0,,22,,,,,2023-04-15 09:14:34.132686,83-79,41%,9%,3%
Cardinals6-8Cardinals,NL Central,1518,-1.0,,29,,,,,2023-04-15 09:14:34.132686,84-78,46%,20%,3%
Angels7-6Angels,AL West,1517,-1.0,,36,,,,,2023-04-15 09:14:34.132686,84-78,43%,21%,2%
Mariners6-8Mariners,AL West,1513,-1.0,,18,,,,,2023-04-15 09:14:34.132686,82-80,34%,16%,2%
Rangers8-5Rangers,AL West,1501,1.0,,8,,,,,2023-04-15 09:14:34.132686,81-81,32%,15%,1%
Giants5-8Giants,NL West,1504,-4.0,,-5,,,,,2023-04-15 09:14:34.132686,79-83,28%,8%,1%
Red Sox6-8Red Sox,AL East,1506,,,-13,,,,,2023-04-15 09:14:34.132686,79-83,21%,3%,<1%
Cubs7-5Cubs,NL Central,1491,5.0,,-6,,,,,2023-04-15 09:14:34.132686,80-82,28%,10%,<1%
Diamondbacks8-6Dbacks,NL West,1489,4.0,,-29,,,,,2023-04-15 09:14:34.132686,79-83,27%,8%,<1%
White Sox5-9White Sox,AL Central,1494,-1.0,,-31,,,,,2023-04-15 09:14:34.132686,78-84,20%,8%,<1%
Marlins7-7Marlins,NL East,1489,3.0,,-49,,,,,2023-04-15 09:14:34.132686,78-84,22%,3%,<1%
Orioles8-6Orioles,AL East,1487,,,-42,,,,,2023-04-15 09:14:34.132686,77-85,16%,2%,<1%
Pirates8-6Pirates,NL Central,1463,-1.0,,-85,,,,,2023-04-15 09:14:34.132686,73-89,11%,3%,<1%
Reds5-8Reds,NL Central,1453,-1.0,,-104,,,,,2023-04-15 09:14:34.132686,69-93,4%,1%,<1%
Tigers4-9Tigers,AL Central,1446,-2.0,,-145,,,,,2023-04-15 09:14:34.132686,67-95,3%,<1%,<1%
Royals4-10Royals,AL Central,1447,,,-132,,,,,2023-04-15 09:14:34.132686,66-96,2%,<1%,<1%
Rockies5-9Rockies,NL West,1441,-2.0,,-151,,,,,2023-04-15 09:14:34.132686,65-97,2%,<1%,<1%
Nationals4-10Nationals,NL East,1430,,,-173,,,,,2023-04-15 09:14:34.132686,62-100,<1%,<1%,<1%
Athletics3-11Athletics,AL West,1425,-8.0,,-220,,,,,2023-04-15 09:14:34.132686,60-102,<1%,<1%,<1%
Braves11-4Braves,NL East,1561,2.0,,134,,,,,2023-04-16 09:14:54.696365,97-65,90%,57%,12%
Dodgers8-7Dodgers,NL West,1559,-3.0,,123,,,,,2023-04-16 09:14:54.696365,93-69,82%,53%,10%
Yankees9-6Yankees,AL East,1561,1.0,,121,,,,,2023-04-16 09:14:54.696365,93-69,79%,35%,10%
Astros7-8Astros,AL West,1552,3.0,,110,,,,,2023-04-16 09:14:54.696365,91-71,72%,52%,8%
Mets9-6Mets,NL East,1552,3.0,,101,,,,,2023-04-16 09:14:54.696365,92-70,80%,34%,8%
Rays13-2Rays,AL East,1545,5.0,,126,,,,,2023-04-16 09:14:54.696365,93-69,79%,35%,7%
Blue Jays10-5Blue Jays,AL East,1544,4.0,,74,,,,,2023-04-16 09:14:54.696365,91-71,71%,25%,6%
Padres8-8Padres,NL West,1544,-1.0,,74,,,,,2023-04-16 09:14:54.696365,89-73,69%,34%,6%
Brewers10-5Brewers,NL Central,1538,3.0,,99,,,,,2023-04-16 09:14:54.696365,91-71,79%,62%,6%
Twins10-5Twins,AL Central,1529,2.0,,76,,,,,2023-04-16 09:14:54.696365,90-72,69%,48%,5%
Guardians9-6Guardians,AL Central,1532,1.0,,53,,,,,2023-04-16 09:14:54.696365,88-74,64%,41%,4%
Angels7-7Angels,AL West,1516,-4.0,,32,,,,,2023-04-16 09:14:54.696365,83-79,39%,19%,2%
Cardinals6-9Cardinals,NL Central,1516,-6.0,,22,,,,,2023-04-16 09:14:54.696365,83-79,42%,20%,2%
Mariners7-8Mariners,AL West,1515,,,28,,,,,2023-04-16 09:14:54.696365,83-79,37%,17%,2%
Phillies5-10Phillies,NL East,1520,-6.0,,1,,,,,2023-04-16 09:14:54.696365,82-80,35%,6%,2%
Rangers8-6Rangers,AL West,1500,2.0,,-1,,,,,2023-04-16 09:14:54.696365,81-81,28%,12%,1%
Giants5-9Giants,NL West,1503,-3.0,,-7,,,,,2023-04-16 09:14:54.696365,79-83,26%,7%,1%
Red Sox7-8Red Sox,AL East,1507,-2.0,,-9,,,,,2023-04-16 09:14:54.696365,79-83,23%,3%,1%
Cubs7-6Cubs,NL Central,1490,1.0,,-8,,,,,2023-04-16 09:14:54.696365,79-83,27%,11%,<1%
White Sox6-9White Sox,AL Central,1495,-3.0,,-29,,,,,2023-04-16 09:14:54.696365,78-84,21%,9%,<1%
Marlins8-7Marlins,NL East,1490,5.0,,-46,,,,,2023-04-16 09:14:54.696365,79-83,25%,3%,<1%
Diamondbacks8-7Dbacks,NL West,1488,,,-32,,,,,2023-04-16 09:14:54.696365,79-83,25%,6%,<1%
Orioles8-7Orioles,AL East,1486,,,-45,,,,,2023-04-16 09:14:54.696365,76-86,14%,2%,<1%
Pirates9-6Pirates,NL Central,1465,3.0,,-77,,,,,2023-04-16 09:14:54.696365,74-88,13%,5%,<1%
Reds6-8Reds,NL Central,1458,5.0,,-81,,,,,2023-04-16 09:14:54.696365,70-92,6%,2%,<1%
Tigers5-9Tigers,AL Central,1447,1.0,,-139,,,,,2023-04-16 09:14:54.696365,68-94,3%,1%,<1%
Rockies5-10Rockies,NL West,1439,-2.0,,-161,,,,,2023-04-16 09:14:54.696365,64-98,1%,<1%,<1%
Royals4-11Royals,AL Central,1445,-3.0,,-139,,,,,2023-04-16 09:14:54.696365,65-97,2%,<1%,<1%
Nationals4-11Nationals,NL East,1429,-2.0,,-177,,,,,2023-04-16 09:14:54.696365,61-101,<1%,<1%,<1%
Athletics3-12Athletics,AL West,1425,-6.0,,-221,,,,,2023-04-16 09:14:54.696365,59-103,<1%,<1%,<1%
Braves12-4Braves,NL East,1562,6.0,,136,,,,,2023-04-17 09:16:42.317064,97-65,91%,57%,12%
Yankees10-6Yankees,AL East,1562,1.0,,124,,,,,2023-04-17 09:16:42.317064,94-68,81%,36%,11%
Dodgers8-8Dodgers,NL West,1557,-2.0,,117,,,,,2023-04-17 09:16:42.317064,92-70,78%,51%,10%
Mets10-6Mets,NL East,1553,6.0,,101,,,,,2023-04-17 09:16:42.317064,93-69,81%,34%,8%
Rays14-2Rays,AL East,1548,5.0,,138,,,,,2023-04-17 09:16:42.317064,94-68,83%,38%,8%
Astros7-9Astros,AL West,1548,-3.0,,91,,,,,2023-04-17 09:16:42.317064,89-73,66%,45%,7%
Brewers11-5Brewers,NL Central,1540,3.0,,105,,,,,2023-04-17 09:16:42.317064,92-70,81%,64%,7%
Blue Jays10-6Blue Jays,AL East,1541,,,59,,,,,2023-04-17 09:16:42.317064,90-72,66%,20%,6%
Padres8-9Padres,NL West,1542,-6.0,,68,,,,,2023-04-17 09:16:42.317064,88-74,65%,33%,6%
Twins10-6Twins,AL Central,1528,3.0,,74,,,,,2023-04-17 09:16:42.317064,89-73,68%,49%,5%
Guardians9-7Guardians,AL Central,1530,-2.0,,48,,,,,2023-04-17 09:16:42.317064,87-75,60%,40%,4%
Cardinals7-9Cardinals,NL Central,1517,-3.0,,23,,,,,2023-04-17 09:16:42.317064,83-79,44%,19%,2%
Mariners8-8Mariners,AL West,1515,1.0,,28,,,,,2023-04-17 09:16:42.317064,83-79,39%,19%,2%
Phillies6-10Phillies,NL East,1522,-2.0,,16,,,,,2023-04-17 09:16:42.317064,82-80,39%,7%,2%
Angels7-8Angels,AL West,1515,-4.0,,30,,,,,2023-04-17 09:16:42.317064,83-79,37%,18%,2%
Rangers9-6Rangers,AL West,1504,3.0,,17,,,,,2023-04-17 09:16:42.317064,82-80,35%,17%,2%
Red Sox8-8Red Sox,AL East,1508,-2.0,,-6,,,,,2023-04-17 09:16:42.317064,80-82,26%,3%,1%
Giants5-9Giants,NL West,1503,-4.0,,-8,,,,,2023-04-17 09:16:42.317064,79-83,25%,7%,1%
Cubs8-6Cubs,NL Central,1492,6.0,,-2,,,,,2023-04-17 09:16:42.317064,80-82,30%,11%,<1%
Diamondbacks9-7Dbacks,NL West,1490,,,-22,,,,,2023-04-17 09:16:42.317064,80-82,28%,8%,<1%
White Sox6-10White Sox,AL Central,1492,-4.0,,-38,,,,,2023-04-17 09:16:42.317064,77-85,19%,9%,<1%
Marlins8-8Marlins,NL East,1488,,,-57,,,,,2023-04-17 09:16:42.317064,78-84,20%,2%,<1%
Orioles9-7Orioles,AL East,1489,4.0,,-35,,,,,2023-04-17 09:16:42.317064,77-85,17%,2%,<1%
Pirates9-7Pirates,NL Central,1464,1.0,,-78,,,,,2023-04-17 09:16:42.317064,74-88,12%,4%,<1%
Reds6-9Reds,NL Central,1455,,,-97,,,,,2023-04-17 09:16:42.317064,69-93,5%,2%,<1%
Tigers5-9Tigers,AL Central,1447,3.0,,-139,,,,,2023-04-17 09:16:42.317064,68-94,3%,1%,<1%
Royals4-12Royals,AL Central,1445,-2.0,,-142,,,,,2023-04-17 09:16:42.317064,65-97,1%,<1%,<1%
Rockies5-11Rockies,NL West,1438,-4.0,,-159,,,,,2023-04-17 09:16:42.317064,64-98,1%,<1%,<1%
Nationals5-11Nationals,NL East,1430,,,-171,,,,,2023-04-17 09:16:42.317064,62-100,<1%,<1%,<1%
Athletics3-13Athletics,AL West,1424,-5.0,,-222,,,,,2023-04-17 09:16:42.317064,59-103,<1%,<1%,<1%
Braves13-4Braves,NL East,1563,7.0,,139,,,,,2023-04-18 09:16:04.462172,98-64,92%,58%,13%
Yankees10-6Yankees,AL East,1562,2.0,,125,,,,,2023-04-18 09:16:04.462172,94-68,82%,40%,11%
Dodgers8-9Dodgers,NL West,1556,-6.0,,111,,,,,2023-04-18 09:16:04.462172,91-71,75%,49%,9%
Mets11-6Mets,NL East,1555,6.0,,106,,,,,2023-04-18 09:16:04.462172,94-68,83%,34%,9%
Astros8-9Astros,AL West,1551,-2.0,,104,,,,,2023-04-18 09:16:04.462172,90-72,70%,48%,8%
Rays14-3Rays,AL East,1545,2.0,,125,,,,,2023-04-18 09:16:04.462172,93-69,79%,36%,7%
Brewers12-5Brewers,NL Central,1541,6.0,,110,,,,,2023-04-18 09:16:04.462172,93-69,83%,66%,7%
Padres8-10Padres,NL West,1541,-5.0,,65,,,,,2023-04-18 09:16:04.462172,88-74,62%,33%,5%
Blue Jays10-7Blue Jays,AL East,1539,-2.0,,49,,,,,2023-04-18 09:16:04.462172,89-73,63%,19%,5%
Twins10-6Twins,AL Central,1528,4.0,,74,,,,,2023-04-18 09:16:04.462172,89-73,68%,49%,5%
Guardians9-7Guardians,AL Central,1530,-3.0,,48,,,,,2023-04-18 09:16:04.462172,87-75,61%,40%,4%
Angels8-8Angels,AL West,1516,-1.0,,32,,,,,2023-04-18 09:16:04.462172,83-79,39%,18%,2%
Phillies6-10Phillies,NL East,1522,-6.0,,16,,,,,2023-04-18 09:16:04.462172,82-80,38%,6%,2%
Mariners8-9Mariners,AL West,1514,1.0,,22,,,,,2023-04-18 09:16:04.462172,82-80,36%,16%,2%
Cardinals7-10Cardinals,NL Central,1515,-3.0,,15,,,,,2023-04-18 09:16:04.462172,82-80,38%,15%,2%
Rangers10-6Rangers,AL West,1505,2.0,,24,,,,,2023-04-18 09:16:04.462172,83-79,38%,17%,2%
Cubs9-6Cubs,NL Central,1495,7.0,,12,,,,,2023-04-18 09:16:04.462172,81-81,33%,13%,1%
Red Sox8-9Red Sox,AL East,1507,-2.0,,-7,,,,,2023-04-18 09:16:04.462172,79-83,24%,3%,1%
Diamondbacks10-7Dbacks,NL West,1492,1.0,,-14,,,,,2023-04-18 09:16:04.462172,81-81,32%,11%,1%
Giants5-10Giants,NL West,1502,-3.0,,-11,,,,,2023-04-18 09:16:04.462172,78-84,22%,7%,<1%
White Sox6-10White Sox,AL Central,1492,-6.0,,-37,,,,,2023-04-18 09:16:04.462172,77-85,19%,9%,<1%
Marlins9-8Marlins,NL East,1489,5.0,,-54,,,,,2023-04-18 09:16:04.462172,78-84,22%,2%,<1%
Orioles9-7Orioles,AL East,1489,3.0,,-35,,,,,2023-04-18 09:16:04.462172,77-85,17%,2%,<1%
Pirates10-7Pirates,NL Central,1468,7.0,,-60,,,,,2023-04-18 09:16:04.462172,75-87,14%,4%,<1%
Reds7-9Reds,NL Central,1458,4.0,,-83,,,,,2023-04-18 09:16:04.462172,70-92,6%,2%,<1%
Tigers5-9Tigers,AL Central,1447,3.0,,-138,,,,,2023-04-18 09:16:04.462172,68-94,3%,1%,<1%
Royals4-13Royals,AL Central,1443,-2.0,,-147,,,,,2023-04-18 09:16:04.462172,64-98,1%,<1%,<1%
Rockies5-12Rockies,NL West,1435,-9.0,,-179,,,,,2023-04-18 09:16:04.462172,62-100,<1%,<1%,<1%
Nationals5-11Nationals,NL East,1430,-2.0,,-171,,,,,2023-04-18 09:16:04.462172,62-100,<1%,<1%,<1%
Athletics3-14Athletics,AL West,1421,-7.0,,-238,,,,,2023-04-18 09:16:04.462172,58-104,<1%,<1%,<1%
Braves14-4Braves,NL East,1566,9.0,,150,,,,,2023-04-19 09:16:35.712545,99-63,93%,62%,14%
Yankees10-7Yankees,AL East,1560,-3.0,,116,,,,,2023-04-19 09:16:35.712545,93-69,78%,33%,10%
Dodgers9-9Dodgers,NL West,1557,-2.0,,119,,,,,2023-04-19 09:16:35.712545,92-70,78%,53%,10%
Rays15-3Rays,AL East,1548,3.0,,141,,,,,2023-04-19 09:16:35.712545,94-68,83%,40%,8%
Mets11-7Mets,NL East,1553,6.0,,98,,,,,2023-04-19 09:16:35.712545,93-69,81%,30%,8%
Astros8-10Astros,AL West,1549,-2.0,,98,,,,,2023-04-19 09:16:35.712545,89-73,66%,44%,7%
Brewers13-5Brewers,NL Central,1542,4.0,,114,,,,,2023-04-19 09:16:35.712545,94-68,85%,69%,7%
Blue Jays11-7Blue Jays,AL East,1540,-2.0,,53,,,,,2023-04-19 09:16:35.712545,89-73,66%,20%,6%
Padres8-11Padres,NL West,1539,-9.0,,53,,,,,2023-04-19 09:16:35.712545,87-75,57%,28%,5%
Twins10-7Twins,AL Central,1527,2.0,,71,,,,,2023-04-19 09:16:35.712545,88-74,66%,50%,4%
Guardians9-9Guardians,AL Central,1528,-3.0,,41,,,,,2023-04-19 09:16:35.712545,86-76,55%,37%,4%
Angels9-8Angels,AL West,1518,1.0,,40,,,,,2023-04-19 09:16:35.712545,84-78,43%,22%,3%
Phillies7-11Phillies,NL East,1522,-4.0,,15,,,,,2023-04-19 09:16:35.712545,82-80,38%,5%,2%
Rangers11-6Rangers,AL West,1508,5.0,,39,,,,,2023-04-19 09:16:35.712545,84-78,42%,21%,2%
Mariners8-10Mariners,AL West,1513,3.0,,17,,,,,2023-04-19 09:16:35.712545,81-81,32%,14%,2%
Cardinals7-11Cardinals,NL Central,1514,-5.0,,11,,,,,2023-04-19 09:16:35.712545,81-81,34%,12%,2%
Red Sox9-9Red Sox,AL East,1508,,,-4,,,,,2023-04-19 09:16:35.712545,80-82,26%,4%,1%
Cubs10-6Cubs,NL Central,1496,6.0,,18,,,,,2023-04-19 09:16:35.712545,82-80,36%,13%,1%
Diamondbacks11-7Dbacks,NL West,1494,5.0,,-10,,,,,2023-04-19 09:16:35.712545,82-80,35%,12%,1%
Giants5-11Giants,NL West,1500,-7.0,,-15,,,,,2023-04-19 09:16:35.712545,77-85,20%,6%,<1%
White Sox7-11White Sox,AL Central,1493,-4.0,,-37,,,,,2023-04-19 09:16:35.712545,77-85,20%,10%,<1%
Marlins10-8Marlins,NL East,1490,4.0,,-49,,,,,2023-04-19 09:16:35.712545,79-83,24%,3%,<1%
Orioles10-7Orioles,AL East,1490,2.0,,-32,,,,,2023-04-19 09:16:35.712545,78-84,19%,2%,<1%
Pirates11-7Pirates,NL Central,1469,6.0,,-56,,,,,2023-04-19 09:16:35.712545,76-86,15%,5%,<1%
Tigers7-9Tigers,AL Central,1449,6.0,,-131,,,,,2023-04-19 09:16:35.712545,69-93,4%,2%,<1%
Reds7-10Reds,NL Central,1455,1.0,,-100,,,,,2023-04-19 09:16:35.712545,69-93,5%,1%,<1%
Royals4-14Royals,AL Central,1440,-5.0,,-162,,,,,2023-04-19 09:16:35.712545,63-99,<1%,<1%,<1%
Nationals5-12Nationals,NL East,1429,-2.0,,-174,,,,,2023-04-19 09:16:35.712545,61-101,<1%,<1%,<1%
Rockies5-13Rockies,NL West,1433,-10.0,,-183,,,,,2023-04-19 09:16:35.712545,62-100,<1%,<1%,<1%
Athletics3-15Athletics,AL West,1419,-7.0,,-243,,,,,2023-04-19 09:16:35.712545,57-105,<1%,<1%,<1%
Braves14-5Braves,NL East,1564,7.0,,146,,,,,2023-04-20 09:16:23.479635,98-64,92%,58%,13%
Yankees11-7Yankees,AL East,1561,-3.0,,118,,,,,2023-04-20 09:16:23.479635,93-69,80%,35%,10%
Dodgers9-10Dodgers,NL West,1556,-5.0,,115,,,,,2023-04-20 09:16:23.479635,91-71,74%,50%,9%
Mets12-7Mets,NL East,1554,5.0,,102,,,,,2023-04-20 09:16:23.479635,93-69,82%,33%,8%
Rays16-3Rays,AL East,1550,4.0,,151,,,,,2023-04-20 09:16:23.479635,95-67,84%,43%,8%
Astros9-10Astros,AL West,1551,-2.0,,110,,,,,2023-04-20 09:16:23.479635,90-72,70%,47%,8%
Brewers14-5Brewers,NL Central,1544,8.0,,118,,,,,2023-04-20 09:16:23.479635,95-67,86%,68%,8%
Padres9-11Padres,NL West,1540,-6.0,,59,,,,,2023-04-20 09:16:23.479635,88-74,61%,33%,5%
Blue Jays11-8Blue Jays,AL East,1538,-5.0,,43,,,,,2023-04-20 09:16:23.479635,89-73,61%,17%,5%
Twins11-7Twins,AL Central,1529,3.0,,82,,,,,2023-04-20 09:16:23.479635,89-73,70%,52%,5%
Guardians10-9Guardians,AL Central,1529,-1.0,,46,,,,,2023-04-20 09:16:23.479635,87-75,58%,38%,4%
Phillies8-11Phillies,NL East,1524,,,20,,,,,2023-04-20 09:16:23.479635,83-79,40%,6%,2%
Angels9-9Angels,AL West,1517,-1.0,,38,,,,,2023-04-20 09:16:23.479635,84-78,40%,18%,2%
Rangers12-6Rangers,AL West,1511,12.0,,53,,,,,2023-04-20 09:16:23.479635,85-77,47%,23%,2%
Cardinals8-11Cardinals,NL Central,1516,-4.0,,23,,,,,2023-04-20 09:16:23.479635,82-80,36%,13%,2%
Mariners8-11Mariners,AL West,1511,-1.0,,13,,,,,2023-04-20 09:16:23.479635,81-81,28%,11%,1%
Cubs11-6Cubs,NL Central,1499,11.0,,33,,,,,2023-04-20 09:16:23.479635,83-79,38%,14%,1%
Red Sox9-10Red Sox,AL East,1506,,,-15,,,,,2023-04-20 09:16:23.479635,79-83,22%,3%,1%
Giants6-11Giants,NL West,1502,-3.0,,-8,,,,,2023-04-20 09:16:23.479635,78-84,22%,7%,<1%
Diamondbacks11-8Dbacks,NL West,1491,,,-23,,,,,2023-04-20 09:16:23.479635,81-81,29%,10%,<1%
Orioles11-7Orioles,AL East,1492,7.0,,-26,,,,,2023-04-20 09:16:23.479635,79-83,21%,3%,<1%
White Sox7-12White Sox,AL Central,1491,-5.0,,-42,,,,,2023-04-20 09:16:23.479635,77-85,16%,8%,<1%
Marlins10-9Marlins,NL East,1489,1.0,,-56,,,,,2023-04-20 09:16:23.479635,78-84,20%,2%,<1%
Pirates12-7Pirates,NL Central,1472,11.0,,-40,,,,,2023-04-20 09:16:23.479635,77-85,17%,5%,<1%
Tigers7-10Tigers,AL Central,1448,6.0,,-134,,,,,2023-04-20 09:16:23.479635,69-93,4%,2%,<1%
Reds7-11Reds,NL Central,1453,,,-111,,,,,2023-04-20 09:16:23.479635,69-93,3%,<1%,<1%
Royals4-15Royals,AL Central,1437,-12.0,,-176,,,,,2023-04-20 09:16:23.479635,62-100,<1%,<1%,<1%
Rockies5-14Rockies,NL West,1430,-12.0,,-202,,,,,2023-04-20 09:16:23.479635,60-102,<1%,<1%,<1%
Nationals5-13Nationals,NL East,1428,-3.0,,-181,,,,,2023-04-20 09:16:23.479635,60-102,<1%,<1%,<1%
Athletics3-16Athletics,AL West,1417,-12.0,,-259,,,,,2023-04-20 09:16:23.479635,56-106,<1%,<1%,<1%
Braves14-5Braves,NL East,1564,7.0,,147,,,,,2023-04-21 09:16:03.835263,98-64,92%,57%,13%
Yankees12-7Yankees,AL East,1563,3.0,,126,,,,,2023-04-21 09:16:03.835263,94-68,82%,37%,11%
Dodgers10-10Dodgers,NL West,1558,-3.0,,122,,,,,2023-04-21 09:16:03.835263,92-70,77%,52%,9%
Mets13-7Mets,NL East,1556,7.0,,110,,,,,2023-04-21 09:16:03.835263,94-68,85%,36%,9%
Rays16-3Rays,AL East,1550,2.0,,151,,,,,2023-04-21 09:16:03.835263,95-67,84%,41%,8%
Astros9-10Astros,AL West,1551,-2.0,,110,,,,,2023-04-21 09:16:03.835263,90-72,70%,48%,8%
Brewers14-5Brewers,NL Central,1544,7.0,,118,,,,,2023-04-21 09:16:03.835263,95-67,86%,69%,8%
Padres10-11Padres,NL West,1541,-4.0,,64,,,,,2023-04-21 09:16:03.835263,88-74,65%,34%,6%
Blue Jays11-8Blue Jays,AL East,1538,-3.0,,42,,,,,2023-04-21 09:16:03.835263,88-74,61%,16%,5%
Twins11-8Twins,AL Central,1527,-3.0,,72,,,,,2023-04-21 09:16:03.835263,89-73,66%,49%,4%
Guardians10-9Guardians,AL Central,1529,-1.0,,47,,,,,2023-04-21 09:16:03.835263,87-75,59%,40%,4%
Rangers12-6Rangers,AL West,1511,12.0,,53,,,,,2023-04-21 09:16:03.835263,85-77,47%,23%,2%
Angels9-10Angels,AL West,1515,-3.0,,30,,,,,2023-04-21 09:16:03.835263,83-79,37%,17%,2%
Phillies8-12Phillies,NL East,1521,-1.0,,9,,,,,2023-04-21 09:16:03.835263,82-80,35%,5%,2%
Cardinals8-11Cardinals,NL Central,1516,-1.0,,23,,,,,2023-04-21 09:16:03.835263,82-80,36%,12%,2%
Mariners8-11Mariners,AL West,1511,-1.0,,13,,,,,2023-04-21 09:16:03.835263,81-81,28%,12%,2%
Red Sox10-10Red Sox,AL East,1508,3.0,,-5,,,,,2023-04-21 09:16:03.835263,80-82,25%,3%,1%
Cubs11-7Cubs,NL Central,1497,9.0,,25,,,,,2023-04-21 09:16:03.835263,82-80,35%,12%,1%
Diamondbacks11-9Dbacks,NL West,1490,-1.0,,-26,,,,,2023-04-21 09:16:03.835263,80-82,27%,8%,<1%
Giants6-12Giants,NL West,1500,-5.0,,-18,,,,,2023-04-21 09:16:03.835263,77-85,19%,5%,<1%
Orioles11-7Orioles,AL East,1492,6.0,,-26,,,,,2023-04-21 09:16:03.835263,79-83,20%,3%,<1%
White Sox7-12White Sox,AL Central,1491,-5.0,,-42,,,,,2023-04-21 09:16:03.835263,77-85,17%,8%,<1%
Marlins10-9Marlins,NL East,1489,1.0,,-56,,,,,2023-04-21 09:16:03.835263,78-84,20%,2%,<1%
Pirates13-7Pirates,NL Central,1473,9.0,,-37,,,,,2023-04-21 09:16:03.835263,78-84,19%,6%,<1%
Tigers7-10Tigers,AL Central,1448,4.0,,-133,,,,,2023-04-21 09:16:03.835263,69-93,4%,2%,<1%
Reds7-12Reds,NL Central,1452,-3.0,,-113,,,,,2023-04-21 09:16:03.835263,68-94,3%,<1%,<1%
Royals4-15Royals,AL Central,1437,-12.0,,-177,,,,,2023-04-21 09:16:03.835263,62-100,<1%,<1%,<1%
Rockies6-14Rockies,NL West,1433,-9.0,,-190,,,,,2023-04-21 09:16:03.835263,62-100,<1%,<1%,<1%
Nationals5-13Nationals,NL East,1428,-3.0,,-181,,,,,2023-04-21 09:16:03.835263,60-102,<1%,<1%,<1%
Athletics3-16Athletics,AL West,1417,-11.0,,-259,,,,,2023-04-21 09:16:03.835263,56-106,<1%,<1%,<1%
